:020000040800F2
:1000000000000520414D0008394900083D4900081D
:10001000414900084549000849490008000000001E
:1000200000000000000000000000000061AA0008BD
:100030004D4900080000000001AB000865AB000856
:10004000914D0008914D0008914D0008914D000818
:10005000914D0008914D0008914D0008914D000808
:10006000914D0008914D0008914D0008914D0008F8
:1000700051490008914D00085D490008914D000864
:10008000914D0008914D0008914D0008914D0008D8
:10009000914D0008914D0008914D0008914D0008C8
:1000A000914D0008914D0008914D0008914D0008B8
:1000B000914D0008914D0008914D0008914D0008A8
:1000C000914D0008914D0008914D0008914D000898
:1000D000914D0008914D0008914D000869490008B4
:1000E000914D0008914D0008914D0008914D000878
:1000F000914D0008914D0008914D0008914D000868
:10010000914D0008914D0008914D0008914D000857
:10011000914D0008914D000875490008914D000867
:10012000914D0008914D0008914D0008814900084B
:10013000914D0008914D0008914D0008914D000827
:10014000914D0008914D0008914D0008914D000817
:100150008D490008914D0008914D0008914D00080F
:10016000914D0008914D0008914D0008914D0008F7
:10017000914D0008914D0008914D000800000000CD
:10018000914D0008914D0008914D0008914D0008D7
:10019000914D0008914D0008914D0008914D0008C7
:1001A000914D0008914D0008914D0008914D0008B7
:1001B000914D0008914D0008914D0008914D0008A7
:0801C000914D0008914D00086B
:1001D00010B5054C237833B9044B13B10448AFF381
:1001E00000800123237010BD60000120000000008A
:1001F00098B9000808B5034B1BB103490348AFF396
:10020000008008BD000000006400012098B90008CB
:1002100001F0FF01102A2BDB10F0070F08D010F8B7
:10022000013B013A8B422DD010F0070F42B3F6D1BB
:10023000F0B441EA012141EA014122F007047FF0D4
:1002400000070023F0E80256083C85EA010586EA2B
:10025000010685FA47F5A3FA87F586FA47F6A5FA67
:1002600087F68EB9EED1F0BC01F0FF0102F0070273
:1002700032B110F8013B013A83EA010313B1F8D11E
:100280000020704701387047002D06BF35460338FF
:10029000073815F0010F07D1013015F4807F02BF38
:1002A000013015F4C03F0130F0BC0138704700BF89
:1002B00053B94AB9002908BF00281CBF4FF0FF31CD
:1002C0004FF0FF3000F06AB9ADF1080C6DE904CED3
:1002D00000F006F8DDF804E0DDE9022304B0704721
:1002E0002DE9F047089D0C46002B4ED194468C45D5
:1002F0008646B2FA82F262D94AB1C2F12003914035
:1003000020FA03F30CFA02FC194300FA02FE4FEA4A
:100310001C471FFA8CF6B1FBF7F44FEA1E4307FBAC
:10032000141143EA014304FB06F199420AD91CEB7C
:10033000030304F1FF3080F01281994240F20F81F3
:10034000023C6344591A1FFA8EF3B1FBF7F007FB26
:10035000101143EA014300FB06F69E420AD91CEB4A
:10036000030300F1FF3180F0FC809E4240F2F980EF
:10037000634402389B1B40EA044000211DB1D34076
:100380000022C5E90032BDE8F0878B4205D90DB1E6
:10039000C5E9000100210846F5E7B3FA83F1002919
:1003A00046D1A34202D39042C0F0F080861A64EB9B
:1003B00003030120002DE6D0C5E90063E3E7002A2E
:1003C00040F09080A1EB0C044FEA1C481FFA8CF718
:1003D0000121B4FBF8F64FEA1E4308FB164443EA3A
:1003E000044307FB06F0984208D91CEB030306F10F
:1003F000FF3402D2984200F2CD8026461C1A1FFA22
:100400008EF3B4FBF8F008FB104443EA044300FB0E
:1004100007F79F4208D91CEB030300F1FF3402D217
:100420009F4200F2B0802046DB1B40EA0640A5E771
:10043000C1F120068B4022FA06F71F4320FA06FC82
:1004400004FA01F343EA0C03F44000FA01F8380C13
:100450004FEA1349B4FBF0FE1FFA87FC00FB1E4471
:1004600049EA04440EFB0CF9A14502FA01F20AD94B
:100470003C190EF1FF3A80F08480A14540F2818062
:10048000AEF1020E3C44A4EB09041FFA83F9B4FB5D
:10049000F0F300FB134449EA044403FB0CFCA445BD
:1004A00007D93C1903F1FF3067D2A44565D9023B57
:1004B0003C4443EA0E40A0FB0293A4EB0C049C4294
:1004C000CE469C4651D34ED055B1B8EB0E0364EBEB
:1004D0000C0404FA06F6CB401E43CC40C5E9006488
:1004E000002150E7C2F1200320FA03F10CFA02FCCC
:1004F00024FA03F394400C434FEA1C4800FA02FE2E
:100500001FFA8CF7B3FBF8F008FB1031230C43EA19
:10051000014300FB07F1994208D91CEB030300F1EA
:10052000FF362CD299422AD9023863445B1AA4B20E
:10053000B3FBF8F108FB113344EA034401FB07F372
:10054000A34208D91CEB040401F1FF3613D2A342E5
:1005500011D902396444E41A41EA004139E70446FA
:10056000F0E6084606E7C845AED2B9EB020E63EBEB
:10057000070C0138A8E73146EDE7034699E7304616
:10058000D4E7D6467FE7634402384DE70646234664
:1005900008460FE7023E634430E700BF704700BFE4
:1005A00008B5012008F092F9FBE700BF30B595B01F
:1005B00030220021022408A80AF018FD0023CDE90A
:1005C0000333CDE90533079304F0C8FF214A08A897
:1005D000214B116C41F080511164126C02F0805279
:1005E0000192019A1A6842F440421A6001221B6883
:1005F00003F4404302934FF4A0230299CDE908236A
:1006000004234FF480021093D823CDE90E421193B6
:1006100002220323CDE9122304F0E2FF08B172B6EF
:10062000FEE704F0A3FF034608B172B6FEE70F220F
:100630004FF4A05503A80721CDE903244FF48052BD
:10064000CDE90535079205F0B9F908B172B6FEE7B4
:1006500015B030BD00380240007000402DE9F04375
:1006600099B0BFF34F8FBFF36F8FBC480022C0F823
:100670005022BFF34F8FBFF36F8F436943F40033B2
:100680004361BFF34F8FBFF36F8FC0F88420BFF378
:100690004F8FD0F8805043F6E07CC5F34E34C5F35D
:1006A000C905640104EA0C012B4641EA8372013B4F
:1006B0005E1CC0F86022F8D1203C14F1200FF1D16B
:1006C000BFF34F8F436943F480334361BFF34F8FD0
:1006D000BFF36F8F0024A24D04F05CFB4FF4005871
:1006E000FFF764FF159449F2204122469D480126F8
:1006F00002274FF40049CDE91144CDE913442B6B97
:1007000043F004032B632B6B03F004030293029B5F
:100710002B6B43F020032B632B6B03F0200303931D
:10072000039B2B6B43F080032B632B6B03F0800345
:100730000493049B2B6B43F001032B632B6B03F09F
:1007400001030593059B2B6B43F002032B632B6B7B
:1007500003F002030693069B2B6B43F010032B63FD
:100760002B6B03F010030793079B2B6B43F00803DD
:100770002B632B6B03F008030893089B2B6B43F050
:1007800040032B632B6B03F040030993099B04F098
:10079000D7FE224644F68131734804F0D1FE22464A
:1007A0004FF43E41714804F0CBFE22464FF4004125
:1007B0006F4804F0C5FE224644F244216D4804F01F
:1007C000BFFE4FF4881311A96B481394CDE9118330
:1007D00004F07CFD4FF4A15311A9624811931296C5
:1007E000CDE9134404F072FD44F6813311A95E484B
:1007F00011931494CDE9126404F068FD11A95948CD
:100800001394CDE9118404F061FD11A955481497A2
:10081000CDF84490CDE9126404F058FD4FF41E4326
:1008200011A9524811931494CDE9126404F04EFDBD
:1008300011A94E48CDE91186CDE9134704F046FDD4
:100840004FF480430321494811930523CDE9141344
:1008500011A9CDE9127404F039FD11A94448CDF86D
:1008600044901494CDE9126404F030FD44F2442322
:1008700011A9404811931296CDE9134404F026FDC6
:10088000802311A93B481394CDE9113404F01EFDD7
:10089000602311A936481394CDE9113404F016FDF4
:1008A0002B6B0721224643F480030C202B632B6B18
:1008B00003F480030093009B2B6B43F400132B6322
:1008C0002B6B03F400130193019B04F0A5FA0C2099
:1008D00004F0DEFA224607210E2004F09DFA0E20D5
:1008E00004F0D6FA224606213B2004F095FA3B207C
:1008F00004F0CEFA22460621442004F08DFA44206A
:1009000004F0C6FA1D481E4A4FF4E1230461446214
:10091000C0E900230C23C0E90244C0E90534C0E962
:10092000074407F059FD034608B172B6FEE7154CBF
:100930006B2215490D90A361CDE91100CDE913009B
:10094000C4E90010C4E902022046C4E90433CDE939
:100950000E3305F09FFEC8B172B6FEE700ED00E071
:10096000003802400014024000040240001002401F
:10097000000C024000180240000802404001012023
:100980000048004020030120000001404FF4805542
:1009900011A92046119506F013FD034608B172B661
:1009A000FEE720460DA90F93CDE90D3306F024FF95
:1009B000D8B9714C714B0A9023604FF6FF73A06158
:1009C000E360CDE90D00CDE90F00CDE91100CDE9DF
:1009D0001300CDE90B00C4E90100C4E9040020467E
:1009E00005F058FE18B172B6FEE772B6FEE70DA923
:1009F00020460D9506F0E4FC08B172B6FEE72046ED
:100A000006F090F8034608B172B6FEE720460AA940
:100A10000C93CDE90A3306F0EFFE08B172B6FEE79B
:100A20000A220023012711A911920422524813938C
:100A30001493129706F070FA08B172B6FEE7504CA4
:100A40004FF482734F4D4FF4007CA060A06220638E
:100A5000C4E900534FF47063E3601023C4E906C394
:100A60000723E3620823C4E90400C4E90800204620
:100A7000636305F0AFFC08B172B6FEE7424D434B2D
:100A80000C902B60782317902861A861EB60CDE96A
:100A90000D00CDE90F00CDE90A00CDE91100CDE947
:100AA0001300CDE91500C5E90100284605F0F2FD67
:100AB00008B172B6FEE74FF480530DA928460D9396
:100AC00006F07EFC08B172B6FEE7284605F0D8FEB7
:100AD00008B172B6FEE70A900AA90C90284606F003
:100AE0008BFE024608B172B6FEE760213C231390EC
:100AF00015902846CDE9111311A906F0E1FA064632
:100B000008B172B6FEE7284603F006FE31462846D5
:100B100005F058FF642004F05BF940F20D333246D3
:100B20004FF480411A48ADF8443004F009FD6423C5
:100B300011A93A46204605F0C3FC4FF48041144801
:100B40003A4604F0FDFC1349134802F0E9FE08B9E7
:100B500072B6FEE707F0E6FC104A3146104807F08F
:100B600039FD104B186003F02BF808B972B6FEE798
:100B700007F0F4FCFEE700BF8802012000040140FA
:100B80006C03012000300140D40201200004004029
:100B9000000C024010BA0008B0B900083CBA0008C6
:100BA000A10500087C000120034B02689A4200D096
:100BB000704704F0FBB800BF0010004072B6FEE7BB
:100BC00010B4034600240846D11D9C60C3E900020E
:100BD000CA0821465DF8044B0AF008BA0246D0E97B
:100BE0000103984240F2918030B4CC090FD04FEA13
:100BF000D30CDB431468012003F0070300FA03F36E
:100C000014F80C00034304F80C30D2E9010301335B
:100C10008342936076D24D060CD5DC08DB43156821
:100C2000012003F0070300FA03F3285D03432B556B
:100C3000D2E9010301338342936063D28C060CD561
:100C4000DC08DB431568012003F0070300FA03F317
:100C5000285D03432B55D2E901030133834293609E
:100C600050D2CD060CD5DC08DB431568012003F01B
:100C7000070300FA03F3285D03432B55D2E9010370
:100C80000133834293603DD20C070CD5DC08DB4373
:100C90001568012003F0070300FA03F3285D0343FE
:100CA0002B55D2E901030133834293602AD24D07C9
:100CB0002DD401338342936024D28C070CD5DC08F9
:100CC000DB431568012003F0070300FA03F3285DF6
:100CD00003432B55D2E9010301339842936011D9A4
:100CE000C9070AD5D8431468DB08012100F00700C2
:100CF0008140E05C0143E15493680133012030BC42
:100D000093607047002030BC704700207047DC08BB
:100D1000DB431568012003F0070300FA03F3285DA5
:100D200003432B55D2E90103C3E700BFCB08C943F6
:100D3000C05C01F00701084100F00100704700BFEE
:100D400000293FD000F1FF3C4FF6FF7000B5614431
:100D500041F2210E1CF8013F80EA03204300020407
:100D60009BB248BF83EA0E035A00180492B248BFF0
:100D700082EA0E02530012049BB248BF83EA0E03BC
:100D80005A00180492B248BF82EA0E0253001204BD
:100D90009BB248BF83EA0E035A00180492B248BFC0
:100DA00082EA0E02530012049BB248BF83EA0E038C
:100DB00058001B0480B248BF80EA0E006145C9D1CB
:100DC0005DF804FB4FF6FF70704700BF00230380FF
:100DD000704700BF00B501F0010190F800C04FF06E
:100DE000000E41EA4C0190F801C00CF1010CC9B2AF
:100DF0005FFA8CFC0170BCF1080F80F801C082F82A
:100E000000E004D1197001231370A0F800E0012064
:100E10005DF804FBC00070478AB10A4470B51E46F5
:100E20004C1E551E01E0AC4207D014F8011F30469D
:100E3000FFF7D4FE0028F6D170BD012070BD01205F
:100E4000704700BF004870476CBA00080020704728
:100E500000285DD02DE9F0470D46C6B0002953D0DB
:100E60001646002A50D01F46002B4DD04E9B002B1B
:100E70004AD0509B509AB3FA83F35B09002A43D0BF
:100E8000B1F80290B9F5807F3ED80A78044609F19E
:100E900006080DF1140A62F307034A7862F30F2380
:100EA0004FEA192262F3174369F31F630493B9F100
:100EB000000F4BD109F1040104A8FFF741FF6B8833
:100EC000257B020A02350AF803200DF11502ED0018
:100ED000D0544046736998474F9B05449D4213D8B0
:100EE0001A464E9901A8FFF76BFE237B93B10025AC
:100EF00002E0227B9A420DD90135552101A8FFF766
:100F00006DFEEBB20028F4D1002046B0BDE8F087BA
:100F100000207047E18901A8090AFFF75FFE002859
:100F2000F2D0A17B01A8FFF759FE0028ECD038468B
:100F3000B3689847F468424604A9384601ABA04715
:100F40000028E1D0039B509A1360DEE74A46043143
:100F500050460AF0D5F8ADE702F036BF02F082BF86
:100F600002F096BF03F096B903F0B6B903F0D6B914
:100F70002DE9F04F83B09B4606460D460E9C109B14
:100F8000002C18BF00289DF83010BDF834700CBF3D
:100F90004FF0010A4FF0000A002B14BF50464AF0F0
:100FA000010068BB6B0001930F9BB3EB450F24D38B
:100FB000002D53D04FEA074832B301F00109043441
:100FC000824651463046FFF7B1FE89F0010110B16B
:100FD0000846494681468B450CBF40463846CB45BE
:100FE0000AF1010A44F8040C33D0554544F8087B53
:100FF000E7D1109B0120019A1A6003B0BDE8F08F81
:10100000002003B0BDE8F08F914604F1040A494680
:101010003046FFF78BFE002813BF012200224FF05D
:10102000010C4FF0000CDC4514BF38464046934598
:1010300044F8390006D14AF8398009F10109A94577
:10104000E5D1D6E74AF8397009F101094D45DED1FD
:10105000CFE7554544F8088BB3D1CAE70195C8E7F7
:101060002DE9F04701F5805741F22A020C46064669
:10107000B7F82C80881841F22B05C2B098FA98F97D
:101080001FFA89FA0AF1040189B263189A5C5D5D5E
:1010900045EA0225FFF754FE854220D006F540556B
:1010A000D5F8603795F86417002B5CD0DA68013208
:1010B000DA6029B9012285F864271A6901321A61B8
:1010C000002341F2341063712044D5F85427C7F847
:1010D000303192683B8542B0BDE8F04710477B8DC8
:1010E000ADF80690ADF80430B8F1000F41D106F527
:1010F0004055D5F8603713B19A6801329A60D5F837
:1011000058371BB101A9D5F85C079847002406F5AC
:10111000005706F58058D5F8543742F29E50A8F88B
:101120006A4488F86D44304488F86F449B68C7F877
:101130009A45A7F892449847D5F8543743F212706D
:1011400001229B68304487F8E14587F8E345A7F81A
:10115000DE25C5F80E47A5F80646984788F84A44A4
:1011600042B0BDE8F0870029AAD1012385F8643791
:10117000A6E741F22E01524602A8214409F0C0FF21
:10118000B5E700BF41F26A432DE9F04103440C4644
:1011900089780546B4EB030E4FF0000082B018BF0B
:1011A0004FF0010E9142607000F096802878002880
:1011B00053D0E378002B00F0C98023792271591AAB
:1011C000B1FA81F149098C4850F82E20013240F8DB
:1011D0002E206379002B47D104F58056338D33B927
:1011E000A8E092F815383385002B00F0A380E218B0
:1011F00092F806C08C45F4D1804F37F81E0080B2BB
:10120000984201D227F81E3092798A4200F09A80E3
:10121000338DF28C9A421DD12344012205F54057AB
:1012200041F2341093F8153820443385627100225E
:10123000D7F85437C6F830219B68984797F8643739
:101240002BB1D7F8603713B15A6A01325A620023C2
:1012500087F8643702B0BDE8F081002908BF012A91
:101260000CBF01210021AEE7002341F2341805F53F
:1012700040570DF10602A0448DF806308DF8073076
:10128000D7F8543740461E690DF10703B0470028D0
:1012900062D09DF80630002BDCD004F58056B6F8FD
:1012A0003031B3F5837F76D25A1C41F22A012344B0
:1012B0009DF8070092B2042AA6F83021585400F095
:1012C0008C80B6F83231002BC4D09A42C2D121466C
:1012D0002846FFF7C5FEBDE7494A52F82E300133D4
:1012E00042F82E306379012B04D00023E37002B062
:1012F000BDE8F08105F54057D7F8602797F86407F7
:10130000002A5FD0916A0131916220B9116987F892
:10131000643701311161002204F5805341F2341029
:101320006271D7F854172044C3F8302189681A85B0
:101330008847DAE7314A32F81E20224692798A42FB
:101340007FF466AF01339BB2338562E701232271DC
:10135000E37002B0BDE8F081D7F8603797F8641702
:10136000002B34D01A6B01321A6329B9012287F895
:1013700064271A6901321A61002304F5805240463D
:101380006371D7F85417C2F8303113858B689847CA
:1013900002B0BDE8F08197F8643743B9012387F8BC
:1013A0006437D7F8603713B11A6901321A61002324
:1013B00040466371D7F85427C6F8303133859368B7
:1013C000984747E70028A6D187F86437A3E70029A4
:1013D000D2D1012387F86437CEE72A89B38DB2F5DD
:1013E000807F5BBA28BF4FF480729BB29342D2D801
:1013F0000633A6F832312DE7640401206004012091
:101400006C0401202DE9F04F9D4D85B004462978EC
:10141000002940F0C9809B49012704F5805EA66A37
:101420004FF000092F709EF84A5426FA07FBC1E9D5
:1014300000231B0443EA12431204002D00F0DF8056
:1014400004F5A358904D4FF0AA3758F8080C58F8F7
:10145000041C0290B0EB0B00039161F1000C101A18
:1014600063EB0C0C16EB09010090A5FB019ACDF87B
:1014700004C02AF0010909EB5A09A1EB0901711A0C
:1014800001FB07F766EB0606BCF1000F05FB0677CC
:10149000A1FB05153D447CDB009EB14201998D41C5
:1014A00057DA04F54055D5F8600710B1C16A01312B
:1014B000C1629EF868140131C9B205298EF868141A
:1014C00064D995F8641731B9012185F8641710B112
:1014D00001690131016141F250401BEB02014FF003
:1014E000000604F50057225020444FF000024360EC
:1014F00043F1000348F8081C42F29E5048F8043CAF
:1015000000232044C8E900238EF86864D5F85437D6
:10151000AEF86A648EF86D648EF86F649B68C7F8E5
:101520009A65A7F892649847012343F2127087F8EE
:10153000E165A7F8DE35D5F85437204487F8E36530
:101540009B68C5F80E67A5F8066605B0BDE8F04FC4
:101550001847BCF1000F02DA07304CF1000C41F2E1
:1015600050410023C0088EF868346518635840EA7B
:101570004C706A681B18635042EBEC02029B6A6075
:101580001818039B43EBEC0248E9020205B0BDE8E2
:10159000F08F464200966CEB4C060196009EB142DD
:1015A00001998D41D5DA7CE73649384F0868D7F87C
:1015B00000C0101A4E6863EB0606BCF13F0F12D84C
:1015C000D7F800E0B0F5803F84460EF10108C7F877
:1015D000008076F100072E4F28BF4FF6FF7C1FFAE0
:1015E0008CFC27F81EC0202876F10006BFF414AF4B
:1015F000284F57F82060013647F820600CE741F289
:1016000050418EF84A7412EB0B0004F540586250BA
:10161000214404F5A3524FF0000A4B604FF0000B39
:1016200043F1000304F5005642E90203C2E900ABAE
:1016300042F29E508EF86854D8F85437AEF86A5487
:1016400020448EF86D548EF86F549B68C6F89A55F6
:10165000A6F892549847D8F8543743F21270A6F877
:10166000DE759B68204486F8E15586F8E355C8F896
:101670000E57A8F8065605B0BDE8F04F184700BF52
:10168000D0030120D8030120ABAAAAAA7404012028
:1016900078040120E00301202DE9F04F8BB0049382
:1016A000002800F09E8000F580579246064697F885
:1016B0004914002900F0A280194600F5A2530593B1
:1016C000D3E90023524573EB010180F08A8097F83B
:1016D0004A14002975D0816A1B04032097F84884B6
:1016E00043EA1243A1FB0014120488184FEA0A418E
:1016F00044EB0305049B88428B464FEA034343EACD
:101700001A4375EB030299466EDB41F26A42CDF84B
:101710000CA006F5A354C2463244CDE90613CDE928
:10172000080502925246029954E902C0DC4570EB6A
:10173000090370DAB36A2568019315F1010863683B
:1017400005F0010EC4F8008043F10008019BC4F8C5
:10175000048013EB0C0340F1000044F8083C97F8B8
:101760006B3444F8040C30461BBB97F86A249B4248
:1017700008BF964505D14FF0010387F86CA487F8A0
:101780006B3406F5005C42F2DE5105F0010552466D
:101790009CF8DF35314430464BBB9CF8DE259B423C
:1017A00008BF9542BED101238CF8E0A58CF8DF3547
:1017B000B8E7FFF7E7FC97F84A34002BE1D1DDF8F2
:1017C0000CA0049C524630462346FFF71BFE059AA8
:1017D000C2F800A0546097F8483483F0010387F8FA
:1017E00048340BB0BDE8F08F8346A9468DE7FFF77C
:1017F000C9FC97F84A34002B94D1E0E700F5A256D3
:1018000040F2011132607360A7F848140BB0BDE8D4
:10181000F04FFFF7F7BDDDE90613DDE90805DDF858
:101820000CA0884275EB0303CBDA97F86F3406F50A
:101830000055012B2ED095F8E335012B2AD006F563
:101840004058002442F29E5087F868443044D8F84B
:10185000543787F84A44A7F86A4487F86D4487F8F4
:101860006F449B68C5F89A45A5F8924498470123B0
:1018700043F2127085F8E145A5F8DE35D8F8543703
:10188000304485F8E3459B68C8F80E47A8F806463B
:10189000984796E706F5405898F86437002BD0D162
:1018A000012388F86437D8F86037002BC9D01A694B
:1018B00001321A61C5E700BF002800F090802DE9D1
:1018C000F04F00F5805A87B007469AF8491400296E
:1018D00078D000F5A251D1E90001904271EB0304E8
:1018E00070D29AF84A44002C6CD04FEA034BBB6A82
:1018F00016044BEA124B03220904B046A3FB023242
:10190000D94641EA104100041B1842EB01019AF844
:101910004824B342019271EB0B0256DB41F26A425A
:1019200007F5A354CDE9026B02EB070BCDE90431B7
:1019300054E902C0019A5946C44570EB09034FDAD5
:101940002568BB6A6E1C05F0010E2660666846F1CC
:10195000000613EB0C0340F1000044F8083C9AF831
:101960006B3444F8040C384666602BBB9AF86A2442
:101970009B4208BF964506D1019B8AF86C344FF014
:1019800001038AF86B3407F5005642F2DE5105F088
:101990000105019A96F8DF3539443846C3B996F8FF
:1019A000DE259B4208BF9542C2D1019B86F8E035F7
:1019B000012386F8DF35BBE7FFF7E4FB9AF84A34EA
:1019C000002BE0D107B0BDE8F08F98468946A5E727
:1019D000FFF7D8FB9AF84A34002BA9D1F2E77047F9
:1019E000DDE9026BDDE90431B34271EB0B0BE9DA9F
:1019F0009AF86F3407F50055012B30D095F8E33590
:101A0000012B2CD007F54056002442F29E508AF854
:101A100068443844D6F854378AF84A44AAF86A44E5
:101A20008AF86D448AF86F449B68C5F89A45A5F812
:101A300092449847012343F2127085F8E145A5F8D6
:101A4000DE35D6F85437384485F8E3459B68C6F848
:101A50000E47A6F8064607B0BDE8F04F184707F551
:101A6000405696F86437002BCED1012386F86437B0
:101A7000D6F86037002BC7D01A6901321A61C3E764
:101A8000002B18BF002922D02DE9F04FB0FA80FAC0
:101A9000B3B083464FEA5A1AA8B198464B689146AC
:101AA0000C46B2EB830F0ED30B7B032B0BD90B7CB5
:101AB000042B08D80B89013B9BB2FF2B03D8D8F825
:101AC0000430402B05D9002033B0BDE8F08F002052
:101AD0007047264643F2687251465D4609F086FA21
:101AE0000BF540570FCE0FC563684FEA430C96E8DD
:101AF0000F0085E80F00CBE9089C624653464FEA89
:101B000009404FEA1941D146FEF7D2FB3C9BCBF886
:101B10002800D646C7F860373D9BC7F85487C7F8FA
:101B200058373E9BC7F85C370BF580539BF8101075
:101B30004D1CEDB26A00CDE9014883F82D2498468A
:101B40005B46BB461A464FF0000A4B465FFA8EF4DE
:101B50008EF0010756469146981906F1010C0022B5
:101B6000C0B25FFA8CFC09EB0020CDE9033A2B30C0
:101B7000CDE9059B7CE0494500F2A9808AF0010A85
:101B80004FF000095FFA8AFBC2F3401A4BEA4303A5
:101B9000D345DBB200F08680494500F2B0808BF07F
:101BA000010B4FF000095FFA8BFA5B00C2F3001BD8
:101BB000DBB2DA454AEA0303DBB200F0858049452F
:101BC00000F297808AF0010B4FF000095FFA8BFB5F
:101BD0005B00C2F3C00ADBB2DA454BEA0303DBB2B7
:101BE0006FD049457FD88BF0010A4FF000095FFAAA
:101BF0008AFA5B00C2F3800BDBB2DA454AEA0303E0
:101C0000DBB25BD0494568D88AF0010B4FF0000980
:101C10005FFA8BFB5B00C2F3400ADBB2D3454BEAB1
:101C20000303DBB247D0494579D88BF0010A4FF066
:101C300000095FFA8AFA5B0002F0010BDBB2DA45B9
:101C40004AEA0303DBB233D049455ED88AF0010B80
:101C50004FF000095FFA8BFB01324BEA43030BFBA9
:101C60000599B2F5807F00F8013F80F8009A5CD0BA
:101C7000C2F3C71AD311544517D0B1424BD8BA4654
:101C80003B464FF00009C2F3801BD3457FF473AF8E
:101C9000C2F3401A4BEA43034FF00009D345DBB2CD
:101CA0007FF47AAF4FF000097FE74FF00009EAE7D1
:101CB0004FF00009D0E74FF00009BCE74FF00009F2
:101CC000A8E74FF0000994E74FF0000980E709F119
:101CD0000109D3465FFA89F956E709F10109D346AC
:101CE0005FFA89F996E709F10109DA465FFA89F99D
:101CF0007FE709F10109D3465FFA89F968E709F13D
:101D00000109DA465FFA89F94FE709F10109D3467B
:101D10005FFA89F9A0E77346E146A246B3E709F105
:101D20000109DA465FFA89F985E7DDE9033ADDE979
:101D3000059B0AF1010A5FFA8AF6B142BFF40CAFC3
:101D40004A469946A94413465FFA89F9BEF1000F45
:101D500002D14FF0010EF5E6019C00215F4693464B
:101D600094F80CA04346019141F270490AF1FF3109
:101D7000E289DDF808800BEB0905C9B241F67F4620
:101D8000D00B03291F90C2F3803038BF032120906D
:101D9000C2F340305145219028BF5146BAF1010F9E
:101DA00098BF012110910139C9B201314FEAC10C2C
:101DB000C2F300312291C2F3C0212391C2F38021EA
:101DC0002491C2F340212591C2F300212691C2F350
:101DD000C0112791C2F380112891C2F340112991BB
:101DE000C2F300112A91C2F3C0012B91C2F380010A
:101DF0002C91C2F3400102F001022D912E920CF1C0
:101E000001020E920CF102020F920CF103021192E8
:101E10000CF1040212920CF1050213920CF106026D
:101E200014920CF1070215920CF1080216920CF1B3
:101E3000090217920CF10A0218920CF10B02199286
:101E40000CF10C0231931A920CF10D021B920CF161
:101E50000E021C920CF110021D920CF10F02CDE942
:101E60002F871E92BAF1000F00F0AE80109B4FF04A
:101E700001215A1C05F1080305EBC20243E90211D6
:101E800008339A42FAD10E9A6446DDE91B38DDE93F
:101E90001D700D931A9B0C93199B0293189B0B9327
:101EA000179B0A93169B0993159B0893149B079302
:101EB000139B0693129B0593119B04930F9B039313
:101EC000019941F2741303FB01B11F9B0C440A44B6
:101ED00004F80930209B02F80930039B219A0B4437
:101EE00003F80920049B229A0B4403F80920059B60
:101EF000239A0B4403F80920069B249A0B4403F809
:101F00000920079B259A0B4403F80920089B269A71
:101F10000B4403F80920099B279A0B4403F8092076
:101F20000A9B289A0B4403F809200B9B299A0B441F
:101F300003F80920029B2A9A0B4403F809200C9B02
:101F40002B9A0B4403F809200D9B2C9A0B4403F8A1
:101F5000092001EB08032D9A03F809200B182E9A8B
:101F600003F80920BB1E05F580529BB217844FF081
:101F700000026F1C85F810282A461F44002312F81F
:101F8000018F13B916E0835DA3B1C81810F809409A
:101F90004445F8D10133BA429BB282F81038EED1F1
:101FA00005F58B55019B14356BBBCDF804E059E763
:101FB00012F8018F2B78984567D04FF00003BA4292
:101FC00082F81038F4D1EBE70C230D220A24062105
:101FD0000F2010274FF00E08CDE90C320B230822FA
:101FE00002930923CDE90A3407230424CDE90832FA
:101FF00005230122CDE906310323CDE90434022370
:10200000544603935CE70BF50055319BB5F89044BB
:10201000DDE92F87002C3FF456ADB7F80426002ADF
:102020003FF451ADA41A18BF0124002C7FF44BAD2E
:1020300042F29E50A3F86A4483F86D4483F86F44DB
:102040005844D8F80830C5F89A45A5F892449847FE
:10205000D7F85437012243F212709B6885F8E145A6
:10206000584485F8E345A5F8DE25C7F80E47A7F8DC
:1020700006469847B5F89034002B3FF424ADB7F8E6
:102080000406003818BF01201EE50123BA4282F879
:10209000103885D012F8018F77E700BF00284BD0A9
:1020A00041F2504200F58053002102442DE9F041F5
:1020B000002400F54057054600F5A256002083F89D
:1020C0002C4483F82E4483F8304446E90201A3F8F7
:1020D000494405F50056C2E9000105F5A35242E95D
:1020E0000201C2E9000183F8684442F29E5087F879
:1020F0006447A3F86A44284483F86D4483F86F4426
:10210000D7F85437C6F89A459B68A6F89244984782
:10211000012343F2127086F8E145A6F8DE35D7F8C0
:102120005437284486F8E3459B68C7F80E47A7F85C
:102130000646BDE8F0411847704700BF002834D07C
:1021400030B5058AADF5057D0446B5F5007F03D9A8
:1021500000200DF5057D30BD4FF404720021684666
:1021600008F044FF2378A2688DF80030636802927B
:10217000ADF80C5001938DB900230D4869461A46FD
:10218000006806F00BFC18B901200DF5057D30BD87
:10219000084A0020136801331360DAE72A46E16831
:1021A0000DF10E0008F0ACFFE6E70020704700BF1D
:1021B000EC050120B405012038B5204C0122204D4A
:1021C0004FF480411F4803F0BBF9204600224FF432
:1021D000004103F0B5F9284600224FF4006103F0F6
:1021E000AFF9284600224FF4007103F0A9F9A5F5D4
:1021F0004065204601224FF4806103F0A1F920469A
:1022000001222021104C03F09BF9284601224FF4B3
:10221000807103F095F9284601224FF4007103F014
:102220008FF9A18C206A002203F08AF9A18BA069A2
:102230000122BDE8384003F083B900BF001402401A
:102240000010024000180240805D01202DE9F04797
:10225000DFF8C4A01E46C2B0BAF808309DF8289135
:102260008B4203D2002042B0BDE8F0870D461446F1
:1022700007464FF48272002101A808F0B7FEDFF88C
:102280009C809AF81B3098F800209B00ADF806500F
:1022900043EAC2031C4A49EA030944EA090444EA3E
:1022A00046038DF80430002388F8003013788DF849
:1022B00005300133137005BB144800224B9B01A964
:1022C000006806F06BFB18B9012042B0BDE8F0874A
:1022D0000F4B01220F499C69086C1444B1F844105B
:1022E00088F800209C615C6B14445C630028B9D0C2
:1022F0000029B7D003F024F9B4E72A46394602A8EA
:1023000008F0FEFED8E700BF17050120F805012000
:10231000285D0120805D0120605D01201405012001
:102320000F4C104D08B54FF4FA7006F0CFFAA18E9D
:10233000206B03F009F9EB6833B96B6923B9AB691A
:1023400013B9EB69002BEED0206CB4F844100028D0
:10235000E9D001220029E6D003F0F2F8E3E700BF5C
:10236000805D0120285D01202DE9F0411D4CADF577
:10237000027D22781AB10DF5027DBDE8F08102F0F0
:10238000FF0319491A46086801A906F05BFB0546D8
:102390000028F0D1BDF804700DF10601134E4FF086
:1023A00001083A46124808F0ABFE3A4610497068F8
:1023B00084F8008005F080FA0028DCD00D4F0E4A2A
:1023C0003B68306C4344B6F844103B602570D369D9
:1023D0004344D3610028CED00029CCD0424603F03C
:1023E000AFF8C8E718050120F0050120805D012045
:1023F00000800020B8050120285D0120124A134901
:1024000008B513681B68D86820F48070D860186A13
:10241000014021B9186A40F2444108420DD00C4BEA
:102420001069918A1A7F03F08BF80A4B186848B13B
:102430000421BDE8084006F01DB9196821F001012A
:102440001960ECE708BD00BF805D0120111111008B
:10245000605D012008060120034B186810B10221BD
:1024600006F008B9704700BF080601200000000010
:102470002DE9F04F484C0023484E494AE168A068D6
:102480002DED028B85B0C6F85827C6F85C3701F0F1
:1024900077FEA0B9434A206C5369B4F84410013365
:1024A000536118B111B1012203F04AF84FF47A7068
:1024B00006F00CFA4FF47A7006F008FAF6E79FED92
:1024C000348BA6F54053384C384DDFF8F8B0DFF8C0
:1024D000F880374E374FDFF8F4A001930122002136
:1024E000104606F051F900212378084603F0FF0951
:1024F00013B101F035FDF1E72B78504603F0FF01F1
:1025000073BB01F02DFD814606F04AF80246B9F191
:10251000000F03D0012338603370DFE73378002BDE
:10252000DCD03B684FF0040C01989342D6D0224B8C
:102530001968D8E90023E1FB0C23CDE90232FFF74B
:10254000BBF9039A029BC8F800201C4AC8F8043063
:1025500013688BF80090013386F800901360BDE794
:102560004946484601F0FCFC0198FFF797FD144BE3
:102570008BF80090A3F8009086F8009088ED008B0F
:1025800006F00EF885F800903860A7E7AFF30080FA
:102590000000000000000000805D0120505001207C
:1025A00071290008285D0120F9040120F8040120A8
:1025B000D0570120CC5701201C5D0120C4570120B9
:1025C000E0570120E2570120D8570120B529000823
:1025D0002DE9F84F0B780C46112B0AD0122B00F086
:1025E0009380102B2CD0674A136801331360BDE829
:1025F000F88F654D2B78002BF5D04A686B689A42AE
:10260000F1D18A68AB699A4204D06049AA610B682B
:1026100001330B60238A298A9942E4D3296A5C48F2
:102620005B18696A41F100012B626962016801313E
:10263000016058490A6001325749AA610B605BE0AA
:102640000B8A2F2B40F29580CD682E89D5F800801B
:10265000D5F804A0D5F80A90EF8D002E00F08980FF
:10266000303B9F4200F28580DFF81CB148220021F8
:10267000584608F0BBFC63680BF1280CCBF81490AB
:10268000CBF80CA0D5F81620D5F81210CBF80430F2
:10269000CBF80880D5F81A30ABF81060D5F80E00EA
:1026A000ACE80F00D5F81E00D5F82210D5F826208A
:1026B000D5F82A30ACE80F0001234022002137482A
:1026C0008BF8003008F092FC3F2F3A4605F13001BC
:1026D000324828BF3F2208F013FD314A6168136871
:1026E000304801331360304B0160304AC3F800902A
:1026F0002F4B1660C3F800802046FFF71FFD00280F
:102700003FF471AFBDE8F88F1F4D2B78002B3FF4DD
:102710006AAF4A686B689A427FF465AF0A8A202ADA
:102720007FF461AF05F12801E06808F04FFC18B1B3
:10273000144A136801331360A2686B699A4203D08C
:10274000124A1368013313601A4A13680133D5E93A
:1027500008011360D5E90223994208BF904203D0D3
:10276000084A1368013313600023134A2B70137057
:10277000C2E7044A13680133136000220E4B1A703B
:10278000BDE8F88F40580120505801203C580120E6
:10279000485801203058012028580120E4570120D2
:1027A0004C58012038580120345801202C58012061
:1027B00024580120445801209958012038B51E4C56
:1027C0001E4A23681B68D96821F48071D960196A90
:1027D0000A4022B9196A40F24442114213D0184DFE
:1027E000A18A20692A7F02F0ABFEAB7E012B02D1C9
:1027F000144D2B7863B9144B1868C0B10121BDE8A2
:10280000384005F037BF1A6822F001021A60E6E787
:10281000FFF7D2FCE06A58B9002301200B490C4AAB
:1028200008702B701370084B18680028E6D138BD6B
:1028300006F04CF8F0E700BF805D01201111110097
:10284000605D01209E05012008060120F80401209A
:10285000F904012000293CD0F0B50546ADF5037D13
:102860000C4616461C4F05E0BDF80410641A0D44D2
:10287000A4B22CB3B4F5007F224629460DF1060020
:1028800028BF4FF40072ADF8042008F039FC33463D
:10289000002201A9386806F081F80028E4D00F4B27
:1028A0000F499A69086C0132B1F844109A615A6B69
:1028B00001325A6300B139B900200DF5037DF0BD36
:1028C00001200DF5037DF0BD012202F039FE00204C
:1028D000F3E70120704700BFF0050120285D0120CB
:1028E000805D012038B3028A40F21221C36810B51E
:1028F000ADF50A7D05AC02910092D0E90112007895
:10290000019402F077F838B90C4A002013680133BB
:1029100013600DF50A7D10BD01464FF0FF322046D1
:10292000FFF798FF0028EFD0054A136801331360C2
:102930000DF50A7D10BD0020704700BFA0050120E5
:10294000A405012030B54FF0FF3583B010240846B0
:1029500011460022CDE90045FFF778FC18B1034A83
:1029600013680133136003B030BD00BFDC58012091
:1029700008B50D48002300681A4606F00FF860B14C
:102980000A4B0B499A69086C0132B1F844109A61FC
:102990005A6B01325A6300B101B908BD0122BDE88A
:1029A000084002F0CDBD00BFF4050120285D0120E4
:1029B000805D0120002845D02DE9F84FB1FA81F45F
:1029C0008B46640900293BD0851EDFF88C801E4FA2
:1029D000DFF88890DFF888A01C4E23E03B883A801F
:1029E000D21A92B2C9F80020CAB1DAF800303168C0
:1029F00003EB4303DFF86CC09A4204D9DCF80030E3
:102A00000133CCF800305218736843F10003C6E973
:102A10000023FEF741FE0E4A1368013313600134B0
:102A2000A3450DD998F800300A4835F8022F002B3D
:102A3000D4D101233A8088F80030D6E90023E8E7B2
:102A4000BDE8F88F704700BFE0570120D85701203C
:102A5000C857012050200120E2570120BC57012017
:102A60001C5D0120C05701202DE9F0432F4F83B09A
:102A7000064605887B78012B39D07B89B3F5805FCA
:102A800028BF4FF48053AB4211D2294B002429496F
:102A9000DA69086C0132B1F84410DA615A6B01321C
:102AA0005A63348000B181BB03B0BDE8F083CDB17F
:102AB0000024DFF88490A046291B09EB04000022C3
:102AC00089B2CDE900883B89994228BF19460C4458
:102AD000A4B2631BB3FA83F35B09FFF7B7FB358836
:102AE000A542E9D80023338003B0BDE8F0830C464B
:102AF0008DB90A78002AD7D01A4629462846CDE94A
:102B00000055FFF7A3FB2570CEE7012203B0BDE817
:102B1000F04302F015BD002729461A460648CDE9C4
:102B20000077FFF793FB37802770BDE7605D0120DA
:102B3000285D0120805D0120100E01202DE9F04F5D
:102B4000DFF83881164683B0814698F801200D469B
:102B5000F9B9012A1AD03188B8F80A304A19B3F500
:102B6000805F28BF4FF480539A4241D9404B0024E4
:102B70004049DA69086C0132B1F84410DA615A6BE5
:102B800001325A63348008B100293DD103B0BDE859
:102B9000F08F3748012AB6F800C001682944016067
:102BA0006146D9D11A700023DFF8CCA0B8F80840EC
:102BB000A5EB030E09EB03010AEB0C00A4EB0C04DC
:102BC0001FFA8EFBA4B2E718A6452246BFB221DB4E
:102BD00008F096FA32883B4614441FFA84FCA6F8A3
:102BE00000C0B8F80820624531D09D42DED8CDE75C
:102BF00021482A460844494608F082FA33881D4491
:102C0000358003B0BDE8F08F012203B0BDE8F04F7E
:102C100002F096BC5A4609EB03010AEB0C0008F0DF
:102C20006FFA32882B4693441FFA8BFCA6F800C03B
:102C3000B8F808206245D8D10024012261460E4828
:102C40002346CDE90044FFF701FB34809EE70023D3
:102C5000614601225046CDE90033FFF7F7FA4FF005
:102C60000003BD4233803B4690D94FF0000C9DE7F6
:102C7000285D0120805D0120100E0120605D012093
:102C80006B4A6C481368013370B513600C466A4D8B
:102C900086B0D1E901212A6001602378802B0CD015
:102CA000112B00F08580122B6AD0102B1CD0634AA8
:102CB00013680133136006B070BD238A012BF6D16F
:102CC000E46800235E482478006802921A46039163
:102CD00001A98DF8044005F061FE0028EBD1594AA6
:102CE000136801331360E6E757480578002D6CD16F
:102CF000564D01212A60564A002301701170554A31
:102D000055481370228A55490D2A03600B60CED9AD
:102D1000E168534A0D68534BD1F80A101D601368DF
:102D200051480133016013602046FFF7DBFD0028A6
:102D3000C1D02378122B68D0D4E901214B4C8020DC
:102D40008DF8003002920122A37E8DF80400934298
:102D50000391CDF810D0ADF8142044D00023444A9C
:102D6000218901A801F0ECFA002837D04149424AF4
:102D70000B6801330B6013680133136006B070BD3C
:102D800031480078002896D030480068824292D1BD
:102D900035480068814212D12F48006881420ED127
:102DA0002C480078A8B9354A136801331360BBE793
:102DB0002548007818B125480068824217D0304A6B
:102DC00013680133136006B070BD204D2E68B24207
:102DD0008FD12C4C206801302060AFE72A4A13685D
:102DE0000133136067E7032005F070FDB6E718486C
:102DF00000780028E3D0184D286881420BD00028C5
:102E0000DDD001388142DAD1E3E712480125D4E967
:102E10000121057092E71D480131104A03682960BD
:102E200001330360238A11680B4413607CE700BF01
:102E3000D4580120B4580120B8580120CC580120A2
:102E4000E8050120D0050120A05801209C58012050
:102E5000A85801209A580120A4580120B0580120F8
:102E6000C8580120AC580120C8050120605D012030
:102E700045290008E0580120D4050120C058012050
:102E8000BC580120CC050120D8580120C45801208D
:102E90002DE9F04FDFF8C0B1ADF25C4DDFF8BC8139
:102EA000DFF8BCA160484FF0FF3300220DA9006895
:102EB00005F0C8FD0028F5D10DF1420381460B93C2
:102EC0009DF834308DF820300F9B0A930E9B0993A8
:102ED000BDF84030ADF8303054490023544A08A8BA
:102EE000098901F02DFA00285ED0DBF800300133AB
:102EF000CBF800309DF82030DDE90967059305F037
:102F00004FFB044600F1640505F04AFBA0EB040CFE
:102F1000002291A9BCF1630FA5EB000334D8D8F8C7
:102F2000000005F08FFD00282ED1929B9E42EBD130
:102F3000939B9F42E8D19DF84432059A9342E3D196
:102F40003C4A91AB8020019313680133136040F237
:102F500012230293012300939DF82030DDE909122A
:102F60008DF81C3007AB01F045FD0146002856D016
:102F70004FF0FF3291A8FFF76DFC002892D02E4A47
:102F80001368013313608DE72C4A09F101091368B6
:102F9000B9F1100F03F1010313600FD0DAF800301C
:102FA0000133CAF8003097E7254A09F1010913688F
:102FB000B9F1100F03F101031360EFD1214A136837
:102FC00001331360204A536B013353631F4B186C5A
:102FD000B3F8441018B111B1012202F0B1FA91AB6B
:102FE0008120019340F212230293012300939DF864
:102FF0002030DDE909128DF81C3007AB01F0FAFC36
:10300000014660B14FF0FF3291A8FFF723FC002882
:103010003FF448AF0E4A13680133136042E70D4A8C
:103020001368013313603DE7EC050120605D01206A
:1030300045290008E4050120B0050120DC05012038
:10304000D8580120D8050120285D0120805D01208D
:10305000AC050120A8050120E0580120E805012069
:10306000E00501202DE98048DFF84C91ADF5437D66
:10307000DFF84881DFF848B1DFF848A1464F474EF6
:103080004FF0FF3300226946D9F8000005F0DAFC62
:103090000028F5D1D8F800309DF800200133110741
:1030A000C8F800309DF8013017D49BF80010A1B18A
:1030B0003B490978994210D0DAF82010386C013178
:1030C000CAF82010B7F8441038B131B1012202F02B
:1030D00037FA9DF801309DF8002001333049BDF8E2
:1030E00002400B704FF001038BF80030D30613D56C
:1030F0002C4922462C480B6801330B602B490B6886
:1031000001330B6001A901F099F90028B8D1284AD0
:10311000136801331360B3E7264A13680133136061
:1031200074B301AD05E0BDF80431E41A1D44A4B246
:1031300034B3B4F5007F224629460DF5837028BFCD
:103140004FF40072ADF8042107F0DAFF002341A923
:1031500030681A4605F022FC0028E4D0DAF818306E
:10316000386C0133B7F84410CAF81830DAF8343044
:103170000133CAF8343018B111B1012202F0E0F97C
:10318000386BB98E00283FF47BAF00293FF478AF4D
:10319000012202F0D5F973E7805D0120F0050120DE
:1031A00016050120FC040120E4580120D05801201C
:1031B000CC58012000050120F40501200405012060
:1031C00015050120285D0120F0B5294DADF23C4DDB
:1031D000284F2B680DA86A680DAE0092AA6801926C
:1031E000EA6802922A6903926A690492AA690592BE
:1031F000EA6906922A6A07926A6A0892AA6A09929A
:10320000EA6A696B0A920B914FF400711A4A07F04F
:10321000A9FE84B205E0BDF83432E41A1E44A4B21B
:103220001CB3B4F5007F224631460DF2362028BF8C
:103230004FF40072ADF8342207F062FF00238DA92D
:1032400038681A4605F0AAFB0028E4D0AB690B4A9F
:103250000133106CAB616B6BB2F8441001336B63DC
:1032600018B111B1012202F06BF90DF23C4DF0BD25
:10327000285D0120F005012084BA0008805D01204E
:103280002DE9F04F002387B0DFF8EC92ADF816304F
:103290008DF8133005F084F906464FF40062AA4910
:1032A000D9F80400019605F017F9A84DA84B68B1AC
:1032B0001A68D9F840000132B9F844101A60EA6976
:1032C0000132EA6110B1002940F0A3814FF00008FB
:1032D000A04FDFF8A8B2DFF8A8A2CDE902530A2276
:1032E0000021072005F050FA821C3DD00028C0F2D2
:1032F0008781430738D5D9F80400002404F01EFB69
:1033000007F0C0FB944B1C703C7007F0E1FB934B43
:103310004FF40062ADF816408DF8134001248A493D
:10332000D9F804001C7005F0D7F880B1039AD9F8D9
:1033300040001368B9F8441023441360029AD3691B
:103340002344D36118B111B1224602F0F9F80021EB
:10335000834B4822834888468BF80010197007F089
:1033600045FE814801F0D8FB07F08CFB7A4B3A7898
:103370001B789A4260D03A783B783AF822600AEBA0
:1033800082020133957803F01F033B7007F0A0FB26
:10339000B04500F29180A6EB0804A4B2002C40F0E6
:1033A0009E80B9F85C10C6F30A08D9F8580011B12C
:1033B00008B102F0C9F89BF80030002B74D1BDF8B9
:1033C0001620002A56D1012D54D1654A1278002AC0
:1033D00040F08D80072C00F0EC80F4B1634A0021AE
:1033E00015464B1C01328EB22878A52806D19C4286
:1033F00040F2A48011785A2900F0C48098B219468E
:10340000A042EDD321460DF113030DF116025748EA
:10341000FFF794FB05F0C4F80190554B1B8B002B74
:10342000A2D0BDF816209A429ED30DF113010DF1E2
:103430001600FFF719FB97E707F04AFB9BF80030EF
:10344000ABB9BDF8163013B99DF813307BB1484CB9
:10345000636963B105F0A4F8019B6269C31A9342E2
:1034600005D30DF113010DF11600FFF7FDFAFEF77C
:103470007BFF34E7002CD0D0394B1B78002BADD02C
:10348000002337490B70394B1B785A2B00F0BD8055
:10349000A5230DF11602012105A88DF814300DF1B8
:1034A0001303FFF74BFB99E7002CB6D022462F49B8
:1034B0002D4801F039FBADE7C8F50064224B2B48DD
:1034C000A4B203EB0801224607F01AFE274B32464E
:1034D0001D491819344407F013FEA4B261E71A4BD2
:1034E0002246224803EB080107F00AFE59E7002CA8
:1034F00093D01B4A13701D4B1B785A2BC8D19DF8D3
:1035000013302BB10DF113010DF11600FFF7ACFADA
:1035100045F6A523022205A91348ADF8143001236E
:103520008BF8003001F000FB012C3FF473AF621EFA
:1035300010490D4892B201F0F7FA6BE7002E4DD119
:103540000123074A137065E700820020285D0120EF
:10355000BC0501209C0501209D05012014050120CA
:103560009858012050580120FC5A012010060120D3
:10357000605D012011060120805D01209958012025
:103580001C0501209EBBBDF8163013B99DF8133001
:103590002BB10DF113010DF11600FFF765FAA21B17
:1035A000012329461E4892B28BF8003001F0BCFA84
:1035B00030E71C4B1C4A1B6893427FF40FAF1B4B38
:1035C0001A8840F674539A427FF408AF184B1B7860
:1035D0000A2B7FF403AFFFF7F7FD1BE731460DF130
:1035E00013030DF116020F48FFF7A8FAA8E70DF133
:1035F00013030DF1160231460A48FFF79FFAC2E79E
:10360000029AD3690133D361AEE6002A7FF47AAF20
:1036100075E70122029301F093FF029B56E600BF7B
:10362000FC5A0120100601203A737461140601202F
:1036300016060120704700BF2DE9F04FCDB0DFF82E
:10364000D492A44C002709AE0DF1280AA24DDFF850
:10365000C8824FF0FF3300220BA9D9F8000005F013
:10366000F1F90028F5D1A06BA18F18B111B1012299
:1036700001F066FF206DB4F8541010B109B101F0EB
:1036800063FF052005F042F8944B954A0BA900937F
:103690004FF48053029628463760CAF800700193B1
:1036A000904B1268FDF7D4FB002800F0BD80316814
:1036B0008A48FFF7BFFF8C4BA28A029301924FF416
:1036C00000522B7F0392CDF810A000932A78316826
:1036D0008248FDF74DFC002800F0A6802368D3F84F
:1036E00020B0BBF1000F00F09F80DAF800304FF6F9
:1036F000FE72013B934200F297807C4B2A7FCBF80D
:1037000040307B4BA18ACBF83C307A4B2069CBF818
:103710004C3001F015FF23686FF0010122691B682E
:10372000584618325F621961DAF800306E4901F0CC
:1037300059FC002878D123681A68D36843F4807351
:10374000D36095F81AB0BBF1010F4BD16A4B1978D1
:103750000791002946D1694A4FF48041684882F8B0
:1037600000B0684A82F800B05A4601F0E9FE5A46B5
:103770004FF40041644801F0E3FE5A464FF4006103
:10378000624801F0DDFE5A464FF400715F4801F0D7
:10379000D7FE079A4FF480615B4801F0D1FE079A8B
:1037A0002021594801F0CCFE079A4FF48071584807
:1037B00001F0C6FE079A4FF40071554801F0C0FEB3
:1037C0005A46A18C206A01F0BBFEA069079AA18B22
:1037D00001F0B6FE484BA06A83F800B0002875D10E
:1037E00023681A6813680021052043F00103136061
:1037F0004FF0FF3204F0C8FF10F0010F834626D0CF
:10380000D8F804300133C8F80430AB7E012B30D037
:10381000A06BA18F00283FF41CAF00293FF419AF23
:10382000002201F08DFE14E7AB7E012B38D0D8F8D2
:103830001430206C0133B4F84410C8F81430002858
:10384000E6D00029E4D0012201F07AFEE0E7D8F8C2
:103850001430206C0133B4F84410C8F81430002838
:10386000D3D00029D1D0012201F06AFEAB7E012B1A
:10387000CED19DF82C309B0702D41BF0040FC7D08B
:103880001D4B1B78002BC3D0FEF796FCE06AD0B925
:10389000194B1C4A1F7001231370184B1F70B7E798
:1038A000154B1B78002BC2D0FEF786FCE06A38B9B6
:1038B000114B144A1F7001231370104B1F70B6E791
:1038C00005F004F8F4E705F001F8E1E704F0FEFF85
:1038D00086E700BF805D0120605D0120501E012051
:1038E000B8570120101E01200000002059240008B4
:1038F000BD270008FD2300089E050120F9040120D2
:1039000000180240F8040120001402400010024098
:1039100000040240F8050120285D0120000000009D
:10392000E0B1F0B50D4685B0A9B10368044693B186
:10393000836883B1436873B1036963B1838A53B108
:103940000B89013B9BB2FF2B05D80B7B032B02D9C4
:103950000B7C042B04D9002005B0F0BD002070477B
:10396000382200217048002607F040FB4822002141
:103970006E4807F03BFB6E4A6E4B167032466E493E
:103980006E481E7001F0BAF832466D496D4800F07D
:1039900047FD214660226C4807F0B2FB6B4EAC46F7
:1039A0003446BCE80F000FC49CE80F0084E80F0009
:1039B000EB7E002B00F0AF80FDF748FA644D2860E5
:1039C000FEF7FAFB0022634B63491A702B680A70FA
:1039D000002BC0D05C4C206BA18E10B109B101F05E
:1039E000AFFDA06BA18F18B111B1002201F0A8FDAD
:1039F000206CB4F8441018B111B1002201F0A0FD00
:103A0000327FA18A206901F09BFD02F0EFF8534B51
:103A10009B6813F4604F736818BF40005B009AD036
:103A2000B0FBF3F203FB1203002B94D1511EB1F54E
:103A3000803F90D227684A4C3B68D3F820E00EEADA
:103A4000040454B9D3F820E040F244441EEA040FC1
:103A500003D11C6824F001041C6000249C62D9621C
:103A6000F9606FF001015C6219613E4B18603E4BDA
:103A70001A6002F0BBF8394B02463C499B6813F4CC
:103A8000604F736818BF42005B000A603FF463AF89
:103A9000B2FBF3F103FB1124002C7FF45CAF34483C
:103AA0002B68CDE9014401603248334904700C8031
:103AB00032481D499FED1A7B0091244980ED007B1F
:103AC0002F4804702F4804602F4804602F4804607A
:103AD0002F4804602F4804602F4804702F4804606A
:103AE0002F4804702F4804602F4804702F48FDF7BA
:103AF000C7FF00283FF42FAF2D4B2E4C03F5805607
:103B0000B3F890542C49B6F804362C4A25800B8023
:103B10000123137020E7FDF795F94FE7AFF300801D
:103B20000000000000000000285D01205058012026
:103B30009958012098580120D1250008FC5A0120ED
:103B4000812C0008E4580120805D0120605D012087
:103B5000B85701209E050120F904012000380240D9
:103B6000111111000C05012008050120205D012024
:103B70001C5D0120E2570120E0570120D8570120A9
:103B8000D0570120CC570120C8570120C45701202D
:103B9000C0570120BC570120A05801209C5801208B
:103BA000A8580120A45801209A5801205020012033
:103BB000504001201205012010050120245D012044
:103BC000654B1B782DE9F043B7B023B9002420469C
:103BD00037B0BDE8F08300224FF4827108205F4CBB
:103BE00004F094FE5E4D034600224FF482712020C3
:103BF0005C4E236004F08AFE5B4F00224FF4047198
:103C00002860022004F082FE00220C21306008208F
:103C100004F07CFE0022386040F20221082004F00B
:103C200075FE524A23681060002BCFD02C68002804
:103C300018BF002C0CBF01240024C7D03368002B10
:103C4000C4D03B68002BC1D02025214601A84FF4E9
:103C500040672A46182607F0C9F9454B2A462146EF
:103C60000AA80093DFF84481DFF84491CDE9057696
:103C700007F0BCF93F4B4FF48052214609932823AB
:103C800013A8CDE90E232A4607F0B0F93A4B2A468D
:103C900021461CA81293CDE9177507F0A7F9374BF9
:103CA0002A46214625A820971B93219607F09EF9C6
:103CB00033494FF400632A462EA8249121462A96C0
:103CC000299307F093F92F484FF48061082309AA3C
:103CD0002D90329121462C48339304F07BFC2B4DE0
:103CE00012AA2146C8F80000294804F073FC294EA6
:103CF0001BAA2146C9F80000274804F06BFC274F97
:103D000024AA21462860264804F064FC2DAA2146F6
:103D10003060244804F05EFC6A4638602146224840
:103D200004F058FC2B68002B3FF451AF3368002B94
:103D30003FF44DAF3B68002B18BF00283FF447AF5E
:103D4000D8F80030002B3FF442AFD9F80040003CD7
:103D500018BF01243BE700BF245D0120F8050120C6
:103D6000F4050120EC050120E8050120F005012003
:103D700018BB000828BB000838BB000848BB000877
:103D800050BB00085CBB0008712400080406012039
:103D9000393600080006012081320008FC050120A8
:103DA0006530000821230008912E00080C06012030
:103DB00008060120034B186810B1012104F05ABC19
:103DC000704700BF0C06012038B51F4B5B6883426B
:103DD00000D038BD1D4D2B68002BFAD00C4604F0E6
:103DE0009FFB01282CD000280CBF4FF0030C4FF094
:103DF000010C174A174913780978013303F01F03A0
:103E0000994211D0C4F30A012868134C157824F89C
:103E100025101178137004EB8104012184F802C08D
:103E2000BDE8384004F026BC0C490D4B0A6801324D
:103E30000A60DA690132DA615A6B01325A6338BDBD
:103E40004FF0020CD5E700BF805D01200406012081
:103E50009D0501209C0501201C050120C4050120B1
:103E6000285D0120074B5B68834200D07047064BFA
:103E700018680028FAD0054B002202211A7004F0BD
:103E8000F9BB00BF805D0120040601201805012058
:103E9000094A0A491368496801338142136000D016
:103EA0007047074B18680028FAD0064A0421D369E6
:103EB0000133D36104F0DEBBC0050120805D012029
:103EC00004060120285D012000231F4A2DE9F0414E
:103ED0009C4604460D4622F813C00133202BFAD12C
:103EE00000231A499C4621F813C001331F2BFAD135
:103EF0002388A64600264FF6FF774FF0010C13806B
:103F0000BEF800300CF1FF383EF8020FC31A22F859
:103F10001C000CF1010C9BB29F4221F8183028BF05
:103F20001F469E4238BF1E46BCF1200FE8D1084B09
:103F3000B4F8FE2F1D60074B07491F60074B0E604A
:103F40001A60BDE8F08100BF205E0120E05D012025
:103F50006C5E0120685E0120645E0120605E0120CD
:103F6000774B1B682DE9F04F85B08BB1754A8346BE
:103F7000894612680C2A08D8DFE802F01007070704
:103F8000BE070707C0070707C2006F4B00221A6071
:103F900000231846019305B0BDE8F08F5C6A002C41
:103FA000F3D06A486A4D0268BFF35F8F23685B688D
:103FB000BFF35F8F01688A42F5D1B3F5805F28BFF8
:103FC0004FF48053D6071946C3F580532B6000F198
:103FD000A380B3F5006FE6D85E4F03EBC2223B68C7
:103FE000D11AB1F5805F019140F29D805A49A2F546
:103FF00080530A683B6001320A604FF4805201929C
:10400000C3F30B0601980021544AC6F580540D46AF
:10401000844228BF04465248202CA24600EB4600AA
:1040200028BF4FF0200A22F8115001312029FAD17F
:1040300000254C49AC4621F815C001351F2DFAD199
:10404000474D012C35F816E0A2F800E05AD0804622
:1040500000254FF6FF764FF0010CCDE902047046C3
:1040600038F802EF0CF1FF34AEEB000022F81CE050
:104070000CF1010C80B2864221F8140028BF0646DC
:10408000854238BF0546E245E9D8374A022111602A
:10409000364ADDE902041660354A15606FF00042C9
:1040A000019D5E46224430F81210324A11600FE042
:1040B000B0473B682D1B23443B6011D0C3F30B007A
:1040C000274AC0F5805402EB4000AC4228BF2C4682
:1040D00021464A46002EEBD123442D1B3B60EDD1F7
:1040E000254A0020019C1368174923441360086087
:1040F000204605B0BDE8F08F9C6A50E7DC6A4EE7C9
:104100001C6B4CE7184A02211160184AC2F800C023
:10411000174AC2F800C0C1E7B3F5006FFFF443AF20
:10412000C1F5006358E700293FF42FAFB1F5006FE8
:10413000BFF466AF11490A6801320A6060E700BF48
:10414000A05E01209C5E0120745E0120985E01202B
:10415000705E0120945E0120785E0120205E0120C7
:10416000008A0020E05D01206C5E0120685E012075
:10417000645E0120605E0120805E01207C5E012083
:1041800000285DD02F4B002270B519602E4B2F4CAC
:104190001A602F4B2F4D1A602F4B304E1A60304B48
:1041A00030601A6013462A6022602E4C22602E4C2A
:1041B00022602E4C22602E4C22602E4C22602E4C0F
:1041C00022602E4C22602E4C22602E4C22602E4CFF
:1041D00024F813200133202BFAD100232B4C1A464C
:1041E00024F8132001331F2BFAD10C2908D8DFE85B
:1041F00001F01C0707071E070707200707070E0027
:104200002B680022013332602B60002070BD036BED
:10421000002BF5D0036800241D4A5C624FF48053E4
:1042200002F022FD38B9012070BD436AF0E7836ACD
:10423000EEE7C36AECE72B68346001332B60E4E7F8
:10424000002070479C5E0120985E0120845E012062
:10425000945E0120885E0120905E0120A05E012016
:104260008C5E0120805E01207C5E0120785E012052
:10427000745E0120705E01206C5E0120685E01208A
:10428000645E0120605E0120205E0120E05D01206F
:10429000008A00200B4B1B68834200D070470A48FD
:1042A00000210A4B0268013210B502601A68084CFE
:1042B000013208481A601B682360FFF705FEFFF70C
:1042C00079FD10BDA05E0120905E0120985E012066
:1042D000845E0120008A00200B4B1B68834200D0C3
:1042E00070470A4801210A4B02680A4410B502606F
:1042F0001A68084C0A4408481A601B682360FFF7D4
:10430000E3FDFFF757FD10BDA05E01208C5E01208C
:10431000985E0120845E0120009A002008B5064BBB
:104320001B68834200D008BD044A13680133136040
:10433000FFF740FD08BD00BFA05E0120885E0120A0
:1043400000286AD02DE9F04F9246C3B08AB1A1F19E
:104350000D02F32A0DD80C39048A05461FFA81F99B
:104360005CB104EB0902013AB2FBF9FBBBF1FF0FB0
:104370004AD9002043B0BDE8F08F4FF00108C34692
:1043800000260193374611E0A6EB0B0304F10C0263
:1043900002A90198B3FA83F392B23C445B09D04777
:1043A0000028E6D05E45A7B233D22C8A4FF0010335
:1043B0002978E41B8DF812608DF8083001368DF8ED
:1043C0000910A4B2A9884C458DF81380ADF80A10E5
:1043D00028BF4C46D5E90123110C120E8DF80C10A4
:1043E0008DF80D202A89ADF80E201A0C1B0E8DF8C1
:1043F00010208DF81130002CC6D0E968224605A89F
:10440000394406F07DFEBFE74A4502D35FFA8BF8D8
:10441000B6E7012043B0BDE8F08F0020704700BF31
:1044200058B170B50E460446154600214FF4067289
:1044300006F0DCFDC4E9846570BD7047002918BF33
:104440000B2A42D9F0B5044687B000283AD00B7841
:10445000012B34D1887A91F80BC091F801E06045C6
:10446000D1F80250D1F8066029D218BB237084F825
:1044700001E084F80CC06073E081C4E90156636810
:10448000AB421CD1A368B34219D1237B634516D13B
:10449000657B854213D10C3AE08997B2C619B6F50F
:1044A000007F0CD85FBB6A1CD2B29A4262730ED0F6
:1044B000012008E023782BB163787345DFD0002317
:1044C0002370E360002007B0F0BD00207047D4E9FE
:1044D0000102617804F1100303928DF80410D4F8FE
:1044E0001022E18902900493ADF814101AB101A9C9
:1044F000D4F81402904700232370E360D8E710300B
:104500003A460C31204406F0FBFDE189657B7A18C0
:10451000237BE281C7E700BF0E4B00220F216FF023
:10452000010010B41C6C83B044F080541C641C6CFB
:1045300004F080540094009C5C6C44F480445C64FF
:104540005B6C03F480430193019B03B05DF8044B63
:1045500000F062BC003802401B4A0023016800B52D
:10456000914289B0CDE90233CDE90433069302D0FC
:1045700009B05DF804FB154B032002A95A6C42F404
:1045800080525A645A6C02F480520092009A1A6B5C
:1045900042F001021A6305221B6B059003F0010330
:1045A0000B4806920193019B9FED057B8DED027BED
:1045B00000F08CFE09B05DF804FB00BFAFF3008093
:1045C000A00000000200000000300140003802405E
:1045D00000000240464A036870B593428AB04FF02B
:1045E00000040546CDE904440694CDE907444FD0C4
:1045F000404A934204D0404A93420DD00AB070BD65
:104600003E4B1A6C42F002021A641B6C03F0020368
:104610000193019B0AB070BD384B04A9384E5A6C07
:1046200042F002025A645A6C02F002020292029AAA
:104630001A6B42F004021A6380221B6B03F004031E
:104640000393022303982F48CDE9042303230893FF
:1046500000F03CFE2C4A4FF060633046C6E9002370
:104660004FF480624FF40063C6E904234FF4005214
:104670004FF48073C6E90244C6E90844C6E906233C
:1046800000F014FC00282FD1AE62B5630AB070BDF3
:104690001A4B1E4E5A6C1E4942F00102F460F4613E
:1046A00074625A6440225B6C31604FF0406103F0E9
:1046B0000103B26071604FF4806100934FF4805346
:1046C0004FF4804200983046B261C6E904134FF4BB
:1046D0004033336200F0EAFB18B92E62B5630AB0CA
:1046E00070BDFCF76BFAF8E7FCF768FACCE700BF9F
:1046F0000000014000040040000401400038024076
:10470000C80101200008024058640240280201202C
:104710008864024000000000134A0023016810B5BD
:10472000914288B0CDE90233CDE90433069301D03C
:1047300008B010BD0D4B022402A90D481A6B42F0BF
:1047400001021A631B6B069403F001039FED047BC7
:104750000193019B8DED027B00F0B8FD08B010BD08
:104760004000000002000000000400400038024049
:104770000000024070B5A8B000210446842207A8BA
:104780000691CDE90211CDE9041106F02FFC3A4B58
:1047900022689A4201D028B070BD4FF4807307A8F8
:1047A000079301F055FA00285CD1344B072002A989
:1047B000334E1A6C42F480221A641A6C02F480227E
:1047C0000092009A1A6B42F008021A634FF440728A
:1047D0001B6B069003F008032A4801930223019DF6
:1047E000CDE9022301220323CDE9042300F06EFD6D
:1047F00025494FF0006200233046C6E900124FF40D
:1048000080614FF48072C6E90233C6E90533316135
:10481000F261C6E9083300F049FB48BB1B4D4FF07D
:1048200000621B4900236A604FF4806229604021C6
:1048300028466667B463EB606B61A960AB612A616F
:104840006B62C5E9073300F031FB70B90022072124
:1048500027202567AC6300F0DFFA272000F018FB63
:1048600028B070BDFCF7AAF99FE7FCF7A7F9EDE7C0
:10487000FCF7A4F9D2E700BF00480040003802402E
:10488000E0000120000C024028600240800001206E
:1048900058600240234B1A6C42F0100270B51A6443
:1048A00088B01B6C054601A903A803F0100302930E
:1048B000029B01F0ABF9069BD3B901F087F90346DF
:1048C000194A1A4CA2FB03231949002220469B0CCB
:1048D000216040F2E731A260013BA261C4E903120A
:1048E000636001F0D7FE064630B1304608B070BDB7
:1048F00001F06CF94300E3E7204601F06DFF064646
:104900000028F2D1362000F0C3FA0F2D01D901267C
:10491000EBE732462946362000F07EFA054B1D6053
:10492000E3E700BF0038024083DE1B43A45E0120A2
:104930000010004008000120FEE700BFFEE700BFB6
:10494000FEE700BFFEE700BFFEE700BF704700BF05
:10495000014800F0E5BB00BFE0000120014800F085
:10496000DFBB00BF80000120014803F0D7B800BFC3
:1049700040010120014802F051BE00BFA45E0120A9
:10498000014800F0CDBB00BFC8010120014800F084
:10499000C7BB00BF280201200D4903460D4A086825
:1049A00010B50D4C121B20B10344934207D80B6085
:1049B00010BD0A4C20460C6003449342F7D906F020
:1049C00073FB0C2203464FF0FF301A6010BD00BF8E
:1049D000F05E01200000052000040000286E022087
:1049E000034AD2F8883043F47003C2F88830704725
:1049F00000ED00E070B5059DBDF81060BDF818C071
:104A0000002D6AD0B6F5007F94BF00240124002C4D
:104A100063D10EB1002B5ED006F11204A4B264453E
:104A20005BD84FF0000E4FF0000C2E7360F3070EB2
:104A3000080E61F30F2E60F3070C080A62F30F2CC7
:104A400060F3174E080C110A60F31F6E100E61F32D
:104A5000174C110C320AC5F803E061F31F6CE872C1
:104A60006A7345F6A522C5F807C02A800122AA70FC
:104A7000002E35D14FF00E0C4FF00C0E681C4FF08D
:104A8000FF311D4A864410F8013F4B405E08DB07AA
:104A900048BF56407108F60748BF51404B08C90748
:104AA00048BF53405908DE0748BF51404B08C9076B
:104AB00048BF53405908DE0748BF51404B08C9075B
:104AC00048BF53405908DB0748BF51408645DAD1FB
:104AD000C94345F80C10204670BD0024204670BD27
:104AE0003246194605F10E0006F00AFB06F10C0EDF
:104AF00006F10E0CC2E700BF2083B8ED58B170B5C7
:104B00000E460446154600214FF4087206F06EFA70
:104B1000C4E9866570BD704728B100230370C0F8F2
:104B20000E3280F816327047002A18BF002900F0B4
:104B300090802DE9F043B0FA80F487B0054664090F
:104B400038B3174603784E1E16F8011F042B00F2E7
:104B50008180DFE803F0584C72350E00002385F8A1
:104B6000163201340423A4B22B70A74211D916F8CF
:104B7000011F95F81622531C2A44DBB2042B85F83A
:104B8000163282F8121275D004230134A4B2A7425F
:104B9000DAD807B0BDE8F0836A78B5F80B30012A9F
:104BA00058D1B3F5007F55D8A5F81032002BD8D0D6
:104BB00001340323A4B22B70A742EAD916F8011FCF
:104BC000B5F80E22531C2A449BB2A5F80E32517040
:104BD000B5F810220C329342C0D00323D5E701343C
:104BE0000123A4B22B70A742D3D916F8011F5A296A
:104BF0000DD0A52939D000232B700134A4B2A742CF
:104C0000C7D916F8011FA529E9D00023BDE7002365
:104C1000A5F80E3285F8163202232B70631C9BB266
:104C20009F42B6D902347378A4B26B700123A742B5
:104C3000A5F80E32ADD916F8021FB5F80E22531C96
:104C40002A449BB20C2BA5F80E325170A4D002233B
:104C50009BE77047364900230A68C5F80E320132D7
:104C600085F816320A602B70C7E70134A4B2A74258
:104C7000BBD88EE7B5F810E205F10C0CD5F812821E
:104C80002846F4444FF0FF312A4A10F8013F4B40C8
:104C90004FEA5309DB0748BF89EA02094FEA590185
:104CA00019F0010F18BF51404B08C90748BF5340C6
:104CB0005908DB0748BF51404B08C90748BF53405C
:104CC0005908DB0748BF51404B08C90748BF53404C
:104CD0005908DB0748BF51406045D6D1C9438845D4
:104CE0000AD0154A13680133136000232B70C5F8EE
:104CF0000E3285F8163280E7AB78104A8DF8043012
:104D00001368D5F803100133ADF814E00291136075
:104D100005F10D030493D5F807300393D5F8183245
:104D2000002BE2D001A9D5F81C029847DDE700BFAF
:104D3000F45E01202083B8EDF85E0120FC5E0120C6
:104D4000DFF834D0FFF74CFE0C480D490D4A002324
:104D500002E0D458C4500433C4188C42F9D30A4A30
:104D60000A4C002301E013600432A242FBD306F098
:104D7000A1F9FBF773FC704700000520000001203B
:104D800060000120E4BB000860000120286E0220C2
:104D9000FEE7000008B5032000F02CF80F20FFF715
:104DA00079FDFFF7B9FB002008BD00BF034A044BA3
:104DB00011681B780B441360704700BF005F01202F
:104DC00004000120014B1868704700BF005F0120FC
:104DD00038B50446FFF7F6FF0546631C02D0044BC6
:104DE0001B781C44FFF7EEFF401BA042FAD338BDEE
:104DF0000400012006494FF6FF0C0002054BCA686B
:104E000000F4E06002EA0C0210430343CB607047F9
:104E100000ED00E00000FA051A4BDB68C3F3022343
:104E200000B5C3F1070E03F1040CBEF1040F28BF57
:104E30004FF0040EBCF1060F1AD9A3F1030C4FF08A
:104E4000FF3303FA0CF322EA03024FF0FF3300288A
:104E500003FA0EF321EA030303FA0CF343EA020315
:104E60004FEA0313DBB206DB074A13545DF804FB79
:104E700000229446E9E700F00F00044A13545DF85D
:104E800004FB00BF00ED00E000E400E014ED00E0F2
:104E9000002807DB00F01F0101234009024A8B4074
:104EA00042F82030704700BF00E100E038B504460A
:104EB000FFF788FF002C74D02368002202210546EA
:104EC00084F8342084F835101A6822F001021A6040
:104ED00005E0FFF777FF431B052B3ED823681A68D0
:104EE000D107F6D4D4E90125E1682A43A0691D68F9
:104EF0000A4321690A4361690A43E16902430A439B
:104F000034492940256A2A430A43616A04292BD07F
:104F10001A605A6922F007021143DAB259612E4829
:104F2000A2F110012D4AA2FB01525F294FF00105A9
:104F30004FF000014FEA1212805C294AE06502EA54
:104F400003024FF03F0388BF043283400846A26546
:104F50009360616584F8355038BD032320221846DC
:104F6000626584F8353038BDD4E90B5129431143CB
:104F7000A26A1960596921F00701114341F0040147
:104F8000002DCAD078B1B0F5005F16D0022A03D93F
:104F9000032AC2D1EA01C0D540220023626584F809
:104FA0003530012038BD012A03D032F00202B4D1DD
:104FB000F0E7B5F1C07FB0D1EEE7032AADD801A08C
:104FC00050F822F0994F0008954F0008994F0008BB
:104FD000B34F00083F8010F080BB0008ABAAAAAA1C
:104FE00000FCFFFF70B490F834C0866DBCF1010F77
:104FF00009D0012480F8344090F83540012C05D0C8
:10500000002380F83430022070BC70470225046809
:1050100080F8355000254565256825F480252560F4
:1050200063608368402B1AD0A160E260C16D3F23AA
:10503000026C8B40B360236843F0160323606369FE
:1050400043F0800363611AB1236843F008032360CF
:105050002368002043F00103236070BC7047A26006
:10506000E160E3E770B50446856DFFF7ABFE94F8A9
:105070003530022B06D0802301206365002384F89D
:10508000343070BD236806461A6822F016021A6092
:105090005A6922F080025A61226C4AB31A6822F0DF
:1050A00008021A601A6822F001021A6005E0FFF790
:1050B00089FE831B052B11D823681B6813F001039D
:1050C000F5D1E16D3F221846002302FA01F10122D9
:1050D000A96084F8352084F8343070BD0323202281
:1050E0001846626584F83530002384F8343070BD8A
:1050F000A26C002AD2D1D5E790F835200346022AC7
:1051000003D0802201205A657047026805210020E3
:1051100083F83510136823F001031360704700BF54
:10512000F0B50022664B83B004461E680192082247
:10513000D0E916733D689A402A4204D00168086895
:10514000400700F1978001229A402A4204D021684A
:105150004969080600F1888004229A402A4203D057
:1051600021680968890779D410229A402A4203D01D
:105170002168086800075ED420229A402A4214D091
:1051800021680868C00610D5BA6094F83520052A51
:1051900033D00B6813F4802F0B687BD0190340F1D8
:1051A0008680E36B0BB120469847636D002B40D09F
:1051B000636DDA071AD522680521424B84F8351051
:1051C000A3FB0636136823F00103B60A136002E05E
:1051D0001368DB0704D5019B0133B3420193F7D970
:1051E0000122002384F8352084F83430E36C03B3C3
:1051F000204603B0BDE8F04018470A6822F01602C6
:105200000A604A6922F080024A61226C002A53D067
:105210000A6822F008020A603F22012102FA03F321
:105220000022BB60236D84F8351084F83420002BF5
:10523000DED103B0F0BDBA600A6812F4802F0A68AC
:1052400022D1D20503D40A6822F008020A60226C37
:10525000002A91D020469047E36D8DE7BA60626DD9
:1052600042F0040262657FE7BA60626D42F00202BA
:10527000626571E7086820F004000860BA60626D3A
:1052800042F0010262655EE71103E0D5A26C002ADC
:10529000E0D171E713F4807383D10A6822F0100221
:1052A0000A60012284F8343084F8352079E7636C91
:1052B000002B7FF478AF78E7A26C002AA8D1ABE787
:1052C00000000120B5814E1B406D70472DE9F04F65
:1052D000002385B04FF0010B0C68DFF844A289462B
:1052E00003E00133102B00F09B800BFA03F202EA7B
:1052F0000408A243F5D1D9F804104FEA430C032562
:1053000001F0030205FA0CF5571EED43012F40F2A0
:105310008A80032A40F0C380076802FA0CF211F475
:10532000403F05EA070542EA05020260D9D0DAF8F3
:10533000442023F0030503F003070F2642F48042C4
:1053400005F18045BF00CAF8442005F59C35DAF820
:10535000442006FA07FC6F4E02F48042B0420392EA
:10536000039AAA6822EA0C0231D006F58066B042A0
:1053700000F0A080684EB04200F0A280DFF8A4C127
:10538000604500F0A380DFF8A0C1604500F0A48074
:10539000DFF898C1604500F0AB80DFF894C160454C
:1053A00000F0AC80DFF88CC1604500F09B80DFF836
:1053B00088C1604500F0A880DFF880C160450CBF5F
:1053C0004FF0090C4FF00A0C0CFA07F73A43AA60A9
:1053D000CE02524A6FEA0805504E03F1010392686B
:1053E00054BF2A4048EA02028F02B260F2684B4E74
:1053F00054BF2A4048EA0202F26072688E03474EA8
:1054000054BF2A4048EA0202C90344497260326824
:1054100054BF2A4048EA0202102B0A607FF465AFAD
:1054200005B0BDE8F08F8768022A07EA050ED9F8B3
:105430000C7007FA0CF747EA0E078760C1F30017F4
:10544000D0F804E007FA03F72EEA080E47EA0E0741
:105450004760D9F80870D0F80CE007FA0CF70EEAAC
:10546000050E47EA0E07C7607FF456AFDF0803F06A
:10547000070E00EB87074FEA8E0E3E6A01970096F3
:105480000F26D9F8107007FA0EF706FA0EFE009EE6
:1054900026EA0E0E019E47EA0E0737623CE7C76810
:1054A00007EA050ED9F8087007FA0CF747EA0E0765
:1054B000C76031E74FF0010C0CFA07F73A4386E773
:1054C0004FF0020C0CFA07F73A4380E74FF0030C59
:1054D0000CFA07F73A437AE74FF0040C0CFA07F797
:1054E0003A4374E74FF0070C0CFA07F73A436EE7BC
:1054F0004FF0050C0CFA07F73A4368E74FF0060C3B
:105500000CFA07F73A4362E74FF0080C0CFA07F77A
:105510003A435CE70000024000080240003C0140C2
:1055200000380240000C024000100240001402400B
:1055300000180240001C02400020024000240240EB
:1055400002B9090481617047436901EA030221EA53
:10555000030141EA02418161704700BF024A1368BA
:1055600043F4807313607047007000401A4B1A6C4C
:1055700042F0805230B51A6483B01B6C174C03F0B4
:1055800080530193019B236843F480332360FFF72A
:1055900019FC054605E0FFF715FC401BB0F57A7FC6
:1055A00017D86368DA03F6D523680C4D43F400334B
:1055B0002360FFF707FC044605E0FFF703FC001B30
:1055C000B0F57A7F05D86B689B03F6D5002003B051
:1055D00030BD032003B030BD0038024000700040F1
:1055E000002800F0E78103682DE9F041DD0782B073
:1055F000044635D59A498A6802F00C02042A00F064
:10560000E0808A6802F00C02082A00F0D680636805
:10561000B3F5803F10D0002B00F0FD80B3F5A02F34
:105620008F4B1A6800F0858122F480321A601A6864
:1056300022F480221A6004E0894A136843F480331C
:105640001360FFF7BFFB864E054605E0FFF7BAFB88
:10565000401B642800F2DB8033689B03F6D5236887
:105660009D0728D57E4A916811F00C0F00F08980C3
:10567000916801F00C0108297FD0E368784D002B78
:1056800000F003812B6843F001032B60FFF79AFBC6
:10569000064605E0FFF796FB801B022800F2B78064
:1056A0002B689F07F6D52B68226923F0F80343EA9D
:1056B000C2032B6023681A0728D45E073DD5684BC8
:1056C0001A6CD50077D41A6C012542F080521A6406
:1056D0001B6C03F080530193019B624E3368D80525
:1056E00040F18580A368012B00F0E180002B00F0E1
:1056F000A880052B5A4B1A6F00F0238122F001027B
:105700001A671A6F22F004021A67D5E06369544DD4
:10571000002B3FD06B6F43F001036B67FFF752FB29
:10572000064604E0FFF74EFB801B02286FD86B6F24
:105730009B07F7D523685E07C1D4A369CBB1484D59
:10574000AA6802F00C02082A00F0C980022B2B681C
:1057500023F080732B6000F0FC80FFF733FB0446DE
:1057600004E0FFF72FFB001B022850D82B689B0199
:10577000F7D4002002B0BDE8F081526851023FF535
:105780007CAF374A1268920725D5E268012A22D0F9
:105790000120EFE76B6F23F001036B67FFF712FB4C
:1057A000064604E0FFF70EFB801B02282FD86B6F24
:1057B0009F07F7D4BEE700258FE74A6851027FF5BF
:1057C00026AF274A126892037FF54AAF6268002A23
:1057D0007FF446AFDCE7224920690A6822F0F8022C
:1057E00042EAC0020A601A077FF567AF8EE73368A6
:1057F00043F480733360FFF7E5FA07463368D90551
:105800003FF570AFFFF7DEFAC01B6428F6D903201E
:1058100002B0BDE8F081124D2B6823F480332B6079
:105820002B6823F480232B60FFF7CCFA064604E0B4
:10583000FFF7C8FA801B6428E9D82B689F03F7D4C8
:105840000DE7074E41F28838336F23F001033367C9
:10585000336F23F004033367FFF7B4FA074608E019
:105860000038024000700040FFF7ACFAC01B404512
:10587000CDD8336F9B07F7D4002D3FF45EAF4E4A6F
:10588000136C23F08053136457E72B6823F0010354
:105890002B60FFF797FA064604E0FFF793FA801BA8
:1058A0000228B4D82B689907F7D4236803E7424A43
:1058B000136F43F001031367FFF784FA3E4F41F281
:1058C0008838064604E0FFF77DFA801B40459ED8E5
:1058D0003B6F9A07F7D5002D3FF42FAFCFE7012B91
:1058E0006A683FF455AF02F48003E1698B427FF4AC
:1058F0004FAF02F03F03216A8B427FF449AF47F676
:10590000C073616A1340B3EB811F7FF441AFA36A98
:1059100002F440315B08013BB1EB034F7FF438AF39
:10592000E36A02F07062B2EB036F14BF0120002043
:1059300020E742F480221A601A6842F480321A602A
:105940007FE642F004021A671A6F42F001021A67FA
:10595000B2E7FFF737FA064605E0FFF733FA801B98
:1059600002283FF654AF2B689901F6D4A26A606A08
:105970005208114ED4E90731013A0B43E16A43EA78
:10598000024343EA801343EA016343F000536B6030
:105990002B6843F080732B60FFF714FA044605E090
:1059A000FFF710FA001B02283FF631AF33689A0167
:1059B000F6D5DEE60120704700380240002800F0EE
:1059C000B380614A136803F00F038B422DE9F04165
:1059D00004460D460CD2136823F00F030B431360EB
:1059E000136803F00F038B4202D00120BDE8F08161
:1059F0002368980714D5590704D554498A6842F496
:105A0000E0528A601A0704D550498A6842F460421D
:105A10008A604E49A0688A6822F0F00202438A60D8
:105A2000DF0720D56268494B012A1B687ED0022A15
:105A300077D09907D9D5454E41F28838B36823F01D
:105A400003031343B360FFF7BDF9074604E0FFF714
:105A5000B9F9C01B40456CD8B368626803F00C0309
:105A6000B3EB820FF3D1384A136803F00F03AB4254
:105A700009D9136823F00F032B431360136803F055
:105A80000F03AB42B1D123685A0706D52F49E0680E
:105A90008A6822F4E05202438A601B0731D42B4902
:105AA0008B6803F00C03042B39D0082B18D14A68FB
:105AB0004B6802F03F02496813F480033BD024484E
:105AC000C1F388110023A1FB0001FAF7F1FB1F4B82
:105AD0005B68C3F3014301335B00B0FBF3F300E009
:105AE0001C4B1A4A1C4C92681C48C2F303121C49F6
:105AF0000068A25CD3400B60FEF7CCFE0020BDE83E
:105B0000F081124A2169936823F4604343EAC10398
:105B10000E4993608B6803F00C03042BC5D10C4B2A
:105B2000DFE7980187D460E7012070479E0382D4A5
:105B30005BE703205AE70748C1F38811A1FB000186
:105B4000FAF7B6FBC3E700BF003C02400038024052
:105B500000127A000024F40070BB00080800012045
:105B600000000120164908B58B6803F00C03042BD4
:105B70001BD0082B17D14A684B6802F03F024968D6
:105B800013F4800313D10F48C1F38811A1FB000166
:105B9000FAF78EFB0A4B5B68C3F3014301335B00EA
:105BA000B0FBF3F008BD074808BD074808BD06482C
:105BB000C1F388110023A1FB0001FAF779FBE9E7A3
:105BC000003802400024F40000127A00044B05491A
:105BD0009B68054AC3F382230868D35CD8407047AA
:105BE000003802400000012068BB0008044B054952
:105BF0009B68054AC3F342330868D35CD8407047BA
:105C0000003802400000012068BB00080E4B0F2244
:105C100002609A6802F0030242609A6802F0F002A1
:105C200082609A6802F4E052C2609B68DB0810B49C
:105C300003F4E053054C036123685DF8044B03F063
:105C40000F030B60704700BF00380240003C024069
:105C500003682DE9F04313F0010683B004460BD02E
:105C6000A84A916821F400019160466B9168314324
:105C7000B6FA86F67609916013F4002510D0A14992
:105C8000E56BD1F88C20B5F5801F22F4401242EA72
:105C90000502C1F88C2000F01482B5FA85F56D0973
:105CA000DF0210D59748216CD0F88C20B1F5800F19
:105CB00022F4400242EA0102C0F88C2000F0048283
:105CC000002908BF012513F0807F18BF0126980620
:105CD00000F1B281D9060CD58A4AD2F88C1021F095
:105CE0008071C2F88C10D2F88C10A06B0143C2F8FE
:105CF0008C105A0408D58349606ED1F8902022F4A4
:105D000040320243C1F890201F0408D57D49A06E9F
:105D1000D1F8902022F440220243C1F89020D80309
:105D200008D57849E06ED1F8902022F44012024361
:105D3000C1F89020990308D57249206FD1F89020BE
:105D400022F440020243C1F890205A0608D56D495A
:105D5000606CD1F8902022F003020243C1F8902039
:105D60001F0608D56749A06CD1F8902022F00C02DC
:105D70000243C1F89020D80508D56249E06CD1F8FB
:105D8000902022F030020243C1F89020990508D5F6
:105D90005C49206DD1F8902022F0C0020243C1F886
:105DA00090205A0508D55749606DD1F8902022F40B
:105DB00040720243C1F890201F0508D55149A06DDB
:105DC000D1F8902022F440620243C1F89020D80418
:105DD00008D54C49E06DD1F8902022F4405202439E
:105DE000C1F89020990408D54649206ED1F890203A
:105DF00022F440420243C1F890205A0208D541499A
:105E0000A06FD1F8902022F080620243C1F8902068
:105E10009F020CD53B49E06FD1F89020B0F1006FA4
:105E200022F0006208BF01250243C1F8902013F060
:105E3000080F18BF0125580308D53249606FD1F803
:105E4000902022F040720243C1F8902019026AD4D7
:105E5000012E01D09A0160D52A4E336823F0806369
:105E60003360FEF7AFFF074605E0FEF7ABFFC31B4D
:105E7000642B00F2DD8033681B01F6D42368DF0752
:105E800012D5626B82B9D6F88420D6F8841002F459
:105E9000403201F070610A43616842EA8112A168F0
:105EA00042EA0172C6F884201E0304D5E26BB2F503
:105EB000801F00F01A81D80204D5226CB2F5800F41
:105EC00000F01381D90111D50E49D1F88420D1F801
:105ED000840002F0706200F0E0400243606842EA31
:105EE0008012206942EA0042C1F884209A0100F140
:105EF000ED80044E336843F080633360FEF762FF49
:105F0000074607E000380240FEF75CFFC01B64282C
:105F100000F28E8033681B01F6D5012D0ED00020D3
:105F200003B0BDE8F0839149D4F88000D1F8902007
:105F300022F080520243C1F8902089E78B4D2B68F4
:105F400023F080532B60FEF73DFF064604E0FEF78A
:105F500039FF801B64286BD82B689F00F7D4236817
:105F60001D0340F1FB80E26B002A40F0F7807F497F
:105F7000D1F88820D1F8880002F4403200F0E040E7
:105F80000243606942EA8012A06942EA0062C1F8F5
:105F90008820D1F88C20A06A22F4F852013842EA15
:105FA0000022C1F88C20990215D5E26FB2F1006F82
:105FB00011D16E49D1F88820D1F8880002F07062C2
:105FC00000F0E0400243606942EA8012206A42EA3F
:105FD0000042C1F888201A0719D5644A6569D2F8C9
:105FE0008810D2F8883001F07061E06903F4403322
:105FF0000B4343EA851343EA0073C2F88830D2F8B2
:106000008C30E16A23F440330B43C2F88C30574C98
:10601000236843F080532360FEF7D4FE05462368CF
:106020009B003FF57CAFFEF7CDFE401B6428F6D900
:10603000032003B0BDE8F0834C4B4D4F1A6C42F087
:1060400080521A641B6C03F080530193019B3B68E0
:1060500043F480733B60FEF7B5FE804605E0FEF733
:10606000B1FEA0EB08006428E2D83B68D905F6D55C
:106070003E4F236B3A6F03F4407112F4407210D01C
:106080008A420ED03A6F386F22F4407240F480306A
:106090003867386F20F4803038673A673A6FD20734
:1060A00048D4B1F5407F3CD030498A6822F4F812D8
:1060B0008A602E4AC3F30B03116F0B4313672368E7
:1060C00008E600250126EBE50126FCE52369616869
:1060D0001B04E26843EA8113A16843EA0263234A8E
:1060E00043EA0173C2F8843003E72049D1F88420E1
:1060F000D1F8840002F4403200F0E04002436068CE
:1061000042EA8012E06842EA0062C1F88420D1F8D5
:106110008C00626A20F01F00013A0243C1F88C2013
:10612000D0E6124813498268194022F4F8120A4353
:106130008260BEE7FEF746FE41F28839804606E0FF
:10614000FEF740FEA0EB080048453FF671AF3B6FFD
:106150009807F5D5236B03F44071A2E7D8027FF5C9
:1061600022AF226C002A7FF41EAF00E70038024005
:1061700000700040FFFCFF0F2DE9F04115460E4670
:1061800082B00023354407468DF80330FEF71AFE2F
:106190002D1AFEF717FE314B80463C681B682246DD
:1061A00003EB8303C3EBC3031B0D05FB03F3019355
:1061B000731C21D1936813F4C06F09D0237BDBB229
:1061C0008DF803309DF80330936813F4C06FF5D158
:1061D000002002B0BDE8F081237BDBB28DF80330F4
:1061E0009DF80330FEF7EEFDA0EB0800A84208D2B0
:1061F000019B3A6813BB1D46936813F4C06FEBD143
:10620000E6E7D7E900315A68B1F5827F22F0E00273
:106210005A6017D0BA6AB2F5005F07D11A6822F443
:1062200000521A601A6842F400521A6001220023D8
:10623000032087F85D2087F85C30CAE7019B013BAB
:106240000193B5E7BA68B2F5004F02D0B2F5806F9E
:10625000E0D11A6822F040021A60DBE7000001205A
:106260002DE9F04F002385B001EB0208DFF860A1B3
:106270008DF803300D4616460746FEF7A3FDA8EB42
:106280000009FEF79FFDDAF80030834603EB830335
:10629000C3EBC3031B0D09FB03F302936B1C3C68A8
:1062A00030D1A36813F4C05FFBD1484ADAF800305C
:1062B000A2FB03234FF47A725B0D02FB03F30193FD
:1062C0007B68B3F5827F06D127E0019B013B0193F8
:1062D000A3681B0602D5019B002BF6D13246294646
:1062E0003846FFF749FF90B905B0BDE8F08FFEF7DB
:1062F00069FDA0EB0B00484533D2029B002B50D127
:106300003C689946A36813F4C05FF0D1CDE73B6EBB
:1063100043F020033B660320E6E7FEF753FDA8EBBE
:106320000004FEF74FFDDAF800308046C3F3CB33AC
:1063300004FB03F30393681C3A680ED193681906B3
:10634000FCD4CBE7FEF73EFDA0EB0803A34208D246
:10635000039B002B35D13A681C4693681A06F1D48A
:10636000BCE7D7E900315A68B1F5827F22F0E0023C
:106370005A601AD0BA6AB2F5005F07D11A6822F4DF
:1063800000521A601A6842F400521A600123002277
:1063900087F85D303B6E87F85C2043F020033B6656
:1063A000B9E7029B013B029378E7BA68B2F5004F68
:1063B00002D0B2F5806FDDD11A6822F040021A6077
:1063C000D8E7039B013B0393B5E700BF819F5E16AF
:1063D00000000120002871D0426AF8B50446002A66
:1063E0005CD00023C0E90433002194F85D30A16241
:1063F00003F0FF01002B5AD021680223E66884F8DD
:106400005D300B68B6F5E06F23F040038CBF4FF0B2
:10641000000E4FF0010E0B6026F400634FEA0E3EB3
:10642000B3F5E06F40D1A06A00F40050636802F059
:10643000100CA56906F4706603F48272A36805F473
:1064400000772D0C03F4044305F004051A43236977
:1064500003F002031A43636903F001031A43636BF9
:1064600003F008033A433343E6692B4306F038064A
:10647000256A324343EA0E0305F0800543EA0C0324
:106480002A43024300200A6001224B60CB6923F4B7
:106490000063CB61206684F85D20F8BD4368B3F5E6
:1064A000827FA1D0C2619FE70020A062BEE72046A4
:1064B00084F85C10FEF750F8626A9DE7012070478F
:1064C0002DE9F041044682B01D4688461746FEF786
:1064D00079FC94F85D30012B77D10646D8B2B8F13B
:1064E000000F6FD0B7FA87F35B09002F6AD094F8DA
:1064F0005C20012A69D003222364A4F8443084F884
:106500005D20A2682366B2F5004FE78784F85C003F
:10651000A4F84630C4F83880A787C4E91333236849
:1065200007D11A6822F040021A601A6842F48042C9
:106530001A601A68520603D41A6842F040021A60C0
:106540006268E168012F18BF002A0CBF01220022F7
:10655000B1F5E06F3DD86AB1E28F92B2012A40F204
:106560008D80424632F8021BD960E38FA263023B62
:106570009BB2E387E38F9BB293B957E0E38FA06BA5
:106580009BB20146012B6FD931F8023BD360E38FF8
:10659000A163023B9BB2E387E18F89B2002945D01A
:1065A000226893689907E9D4FEF70CFC801BA84287
:1065B000F2D36B1CF0D00123032084F85D3000235C
:1065C00084F85C3002B0BDE8F081022002B0BDE882
:1065D000F08142B1424632F8021BD960A263E28FD9
:1065E000013A92B2E287E28F92B28AB91EE0A26BC0
:1065F00032F8021BD960B4F83EC0A2630CF1FF3C34
:106600001FFA8CFCA4F83EC0E38F9BB273B12368E1
:106610009A689707EBD4FEF7D5FB801BA842F3D30B
:10662000681CC8D1E38F9BB2002BF0D132462946BB
:106630002046FFF715FE08B120232366A36833B96F
:1066400022680193D368019393680193019B01220F
:10665000002384F85D20206E84F85C30C01A18BFD7
:10666000012002B0BDE8F08103781373E38FA26BC1
:10667000013B01329BB2A263E3878DE798F80020CB
:106680001A73E38FA26B013B01329BB2A263E387D3
:1066900070E700BF002800F09480F8B590F83D3016
:1066A000044603F0FF02002B7BD0226802234649F8
:1066B0004648B2F1804FA2EB010184F83D30A2EBD5
:1066C00000001368B1FA81F1D4F818E0B0FA80F054
:1066D00066684FEA5111E7684FEA50102BD051BB62
:1066E000DFF8F0C0624526D00CF5806C624522D000
:1066F0000CF5806C62451ED0E8B935498A4255D008
:1067000001F580618A4251D001F580618A424DD005
:10671000A1F598318A4249D001F580618A4245D07D
:1067200001F580618A4241D023F08003D7629662EE
:106730004EEA030511E0A56823F07003D4F810C0F9
:106740002B43D762966249BB40BB23F4407343EAB4
:106750000C0323F080034EEA030511680123002097
:1067600041F0040111605361156084F8483084F8E9
:106770003E3084F83F3084F8403084F8413084F86B
:10678000423084F8433084F8443084F8453084F84B
:10679000463084F8473084F83D30F8BD61691163B4
:1067A000D3E780F83C20FDF715FF7EE7216923F44D
:1067B0004073D7620B43966223F080034EEA0305D1
:1067C000CBE70120704700BF0000014000040140FA
:1067D000004001400004004090F83D30012B3DD1C5
:1067E000026802211E4BB2F1804F18BF9A4230B4AA
:1067F0000CBF012300231B4D1B4CAA4208BF43F0D2
:10680000010380F83D10D168A24208BF43F00103A4
:1068100004F5806441F001011448A24208BF43F02E
:106820000103D160824208BF43F0010310498A424C
:1068300008BF43F0010313B90E4B9A4207D1916888
:106840000D4B0B40062B06D0B3F5803F03D01368E9
:1068500043F001031360002030BC704701207047F3
:106860000000014000040040000800400004014016
:10687000004001400018004007000100704700BFC1
:10688000002800F09480F8B590F83D30044603F0FD
:10689000FF02002B7BD02268022346494648B2F112
:1068A000804FA2EB010184F83D30A2EB0000136899
:1068B000B1FA81F1D4F818E0B0FA80F066684FEAD6
:1068C0005111E7684FEA50102BD051BBDFF8F0C0F0
:1068D000624526D00CF5806C624522D00CF5806CA8
:1068E00062451ED0E8B935498A4255D001F580612C
:1068F0008A4251D001F580618A424DD0A1F598318C
:106900008A4249D001F580618A4245D001F5806113
:106910008A4241D023F08003D76296624EEA030593
:1069200011E0A56823F07003D4F810C02B43D762A0
:10693000966249BB40BB23F4407343EA0C0323F047
:1069400080034EEA030511680123002041F0040191
:1069500011605361156084F8483084F83E3084F843
:106960003F3084F8403084F8413084F8423084F875
:10697000433084F8443084F8453084F8463084F855
:10698000473084F83D30F8BD61691163D3E780F882
:106990003C20FFF773FF7EE7216923F44073D76241
:1069A0000B43966223F080034EEA0305CBE70120F8
:1069B000704700BF0000014000040140004001405A
:1069C0000004004010290AD8DFE801F0190909097C
:1069D0004E0909095B09090968090909750090F858
:1069E0004330012B6ED10B1F0C2B6DD8DFE803F069
:1069F000406C6C6C4D6C6C6C5A6C6C6C670090F8F5
:106A00003E30012B5ED10368022280F83E20DA6816
:106A100042F00202DA6001F01F010122186A8A4086
:106A200020EA020010B41862364C196AA34242EA06
:106A300001021A624CD0344A934249D0B3F1804FDC
:106A400002D0324A934248D19968314A0A40062A14
:106A500006D0B2F5803F03D01A6842F001021A60F6
:106A600000205DF8044B704790F83F30012B29D18E
:106A70000368022280F83F20DA6842F00402DA60FC
:106A8000C9E790F84030012B1CD10368022280F83E
:106A90004020DA6842F00802DA60BCE790F8413042
:106AA000012B0FD10368022280F84120DA6842F0FE
:106AB0001002DA60AFE790F84230012B02D10223D6
:106AC00080F8423001207047022380F84330F9E714
:106AD0005A6C42F400425A64B6E702F580620D48EF
:106AE0000D49834218BF93420CBF012200228B4202
:106AF00008BF42F00102002AA6D1084A9342ABD156
:106B0000A2E700BF00000140000401400004004073
:106B100007000100000C0040004001400018004048
:106B2000704700BF002800F09480F8B590F83D3021
:106B3000044603F0FF02002B7BD022680223464963
:106B40004648B2F1804FA2EB010184F83D30A2EB40
:106B500000001368B1FA81F1D4F818E0B0FA80F0BF
:106B600066684FEA5111E7684FEA50102BD051BBCD
:106B7000DFF8F0C0624526D00CF5806C624522D06B
:106B80000CF5806C62451ED0E8B935498A4255D073
:106B900001F580618A4251D001F580618A424DD071
:106BA000A1F598318A4249D001F580618A4245D0E9
:106BB00001F580618A4241D023F08003D76296625A
:106BC0004EEA030511E0A56823F07003D4F810C065
:106BD0002B43D762966249BB40BB23F4407343EA20
:106BE0000C0323F080034EEA030511680123002003
:106BF00041F0040111605361156084F8483084F855
:106C00003E3084F83F3084F8403084F8413084F8D6
:106C1000423084F8433084F8443084F8453084F8B6
:106C2000463084F8473084F83D30F8BD616911631F
:106C3000D3E780F83C20FFF773FF7EE7216923F458
:106C40004073D7620B43966223F080034EEA03053C
:106C5000CBE70120704700BF000001400004014065
:106C6000004001400004004070B50446102957D888
:106C7000DFE801F009565656825656568956565642
:106C800090565656940094F83E0094F84450C0B282
:106C9000EDB2022842D0022D40D001283CD1012D76
:106CA0003AD1002A38D0002B36D001F01F0C012039
:106CB000256800FA0CF06FEA000C102937D8DFE8DD
:106CC00011F0710036003600360011003600360033
:106CD0003600C600360036003600F40036003600B6
:106CE0003600E600022184F83F1084F84510296A36
:106CF00001EA0C012962296A01432962A06A05F1AF
:106D000038017D4DC5637D4D05647D4DC564FEF73D
:106D100069F9002800F0E980012070BD022070BDF3
:106D200094F84300C0B294F84750EDB2B1E70226A0
:106D3000043984F8436084F847602E6A06EA0C063A
:106D40002E622E6A30432862082900F2AC8001A02E
:106D500050F821F0FD6C0008A76E0008A76E00082F
:106D6000A76E0008676E0008A76E0008A76E0008EF
:106D7000A76E0008C36E000894F83F0094F84550D1
:106D8000C0B2EDB285E794F8400094F84650C0B226
:106D9000EDB27EE794F84100C0B2C4E794F8420037
:106DA000C0B2C0E7022184F83E1084F84410296A7A
:106DB00001EA0C012962296A0143606A296205F12E
:106DC00034014D4DC5634D4D05644D4DC564FEF711
:106DD00009F90028A0D12568EB6843F40073EB6043
:106DE000484B4949B5F1804F18BF9D42474A0CBFF7
:106DF000012300238D4208BF43F0010301F5006128
:106E0000954208BF43F0010302F57C428D4208BF62
:106E100043F00103954208BF43F0010302F57052AD
:106E2000954208BF43F0010313B9394B9D4209D184
:106E3000AA68384B1340062B3FF46FAFB3F5803F81
:106E40003FF46BAF2B6843F001032B6070BD022150
:106E500084F8401084F84610296A01EA0C0129627E
:106E6000296A01432962E06A05F13C01224DC563AC
:106E7000224D0564224DC564FEF7B4F800287FF466
:106E80004BAF2568EB6843F40063EB60A8E702238F
:106E900084F8423084F847302B6A03EA0C032B62F3
:106EA0002B6A03432B6201209AE7022184F84110E8
:106EB00084F84710296A01EA0C012962296A014312
:106EC0002962206B05F140010B4DC5630B4D056434
:106ED0000B4DC564FEF786F800287FF41DAF2568CA
:106EE000EB6843F48053EB607AE72568EB6843F482
:106EF0008063EB6074E700BF19750008AD7500088A
:106F000075770008000001400004004000080040C0
:106F10000018004007000100034690F83C000128DB
:106F200000F0C9800120F0B483F83C005AB1042A73
:106F300054D0082A00F09C800C2A74D0002283F8D8
:106F40003C20F0BC70471A68DFF870C1166A176AF7
:106F50006245C86827F00107D1E9004517629769C3
:106F60001DD0B2F1804F1AD0ACF57C4C624516D0E2
:106F70000CF5806C624512D00CF5806C62450ED029
:106F80000CF5784C62450AD00CF5705C624506D071
:106F9000ACF5943C624502D047F0010C03E027F0C9
:106FA000030745EA070C00012CF0F00C26F00A0557
:106FB00004F00A04C0B22C4340EA0C009061146251
:106FC00090698C6820F00C00906191692143916177
:106FD0000022002083F83C20F0BC70471A68D1E9F9
:106FE00000060401106A156A20F0A00004F0A00455
:106FF00025F010050443C868156200038D6881B24E
:10700000906920F4407040EA062020F4704001436B
:1070100091611462916921F440619161916941EA41
:1070200005219161D4E71A68D1E900060403106ACA
:10703000156A20F4204004F4204425F480550443CC
:10704000C868156200038D6881B2D06920F4407071
:1070500040EA062020F470400143D1611462D169F6
:1070600021F44061D161D16941EA0521D161AFE7E5
:107070001A68D1E90045106A2402166A20F42060DB
:1070800004F4206426F480760443C8681662000184
:107090008E68C1B2D06920F00300284320F0F000D0
:1070A0000143D1611462D16921F00C01D161D16930
:1070B0003143D1618CE70220704700BF00000140DE
:1070C00090F83C30012B00F032810123844670B4EB
:1070D00080F83C30142A16D8DFE812F04E00150074
:1070E000150015007900150015001500D5001500D4
:1070F00015001500A700150015001500FF0015006C
:10710000150015001B00002301208CF83C3070BCDA
:10711000704703681A6A186A22F4001220F480107B
:107120001862A2485C685D6D28400D6840EA052041
:107130008D6842EA05529E4DAB4200F0FA8005F59B
:107140008065AB4200F0F5805C605865486809696D
:10715000D8651A625A6D42F400625A655A6D22F47B
:1071600080625A655A6D42EA01225A650023002066
:107170008CF83C3070BC704703681A6A186A22F0B9
:10718000020220F0010018628A485C689D6928406C
:107190000D6828438D682A43854DAB4200F0D580A9
:1071A00005F58065AB4200F0D0805C60986148686E
:1071B000096958631A629A6942F008029A619A69E9
:1071C00022F004029A619A690A439A61CEE7036841
:1071D0001A6A186A22F0200220F01000186276481D
:1071E0005C689D6928400D6840EA05208D6842EA88
:1071F00005126F4DAB4200F0BB8005F58065AB42D8
:1072000000F0B6805C6098614868096998631A620A
:107210009A6942F400629A619A6922F480629A61E2
:107220009A6942EA01229A61A0E703681A6A186A19
:1072300022F4005220F4805018625F485C68DD69D7
:1072400028400D6840EA05208D6842EA0532584D15
:10725000AB4200F0878005F58065AB4200F082808C
:107260005C60D8614868096918641A62DA6942F496
:107270000062DA61DA6922F48062DA61DA6942EA8C
:107280000122DA6172E703681A6A186A22F400724E
:1072900020F48070186247485C68DD6928400D68FA
:1072A00028438D6842EA0522414DAB426FD005F577
:1072B0008065AB426BD05C60D86148680969D8636F
:1072C0001A62DA6942F00802DA61DA6922F004022D
:1072D000DA61DA690A43DA6148E703681A6A186A08
:1072E00022F4003220F48030186234485C685D6D0E
:1072F00028400D6828438D6842EA05422C4DAB4278
:107300001DD005F58065AB4219D05C6058654868B2
:10731000096998651A625A6D42F008025A655A6DF9
:1073200022F004025A655A6D0A435A651EE702208C
:10733000704724F480244D6944EA852404E724F44A
:1073400080344D6944EA0524DFE7CD6822F0080265
:1073500024F440742A43D1E9055622F0040235434F
:107360002C4322E724F480444D6944EA851477E7EE
:10737000CD6822F0800224F4406442EA0512D1E98B
:10738000055622F04002354344EA85043AE7CD68C9
:1073900022F4006224F4405442EA0522D1E9055661
:1073A00022F48062354344EA051484E7FF8FFFFE30
:1073B000000001408CFFFEFFFF8CFFFE8FFFFEFFF1
:1073C00090F83C30012B6FD00246022330B40468A1
:1073D000012082F83D3082F83C004D4BA5682B40DF
:1073E000A3600B68602B61D024D8402B77D04AD99A
:1073F000502B17D14B68C868216A21F00A01194344
:10740000236A23F001032362A36923F0F00343EA14
:107410000013A3612162A36823F0700343F05703B4
:10742000A36000200121002382F83D1082F83C3047
:1074300030BC7047B3F5805FF3D0B3F5005F10D177
:10744000A068D1E901532B43CD6820F47F4100208F
:1074500043EA05230B43A360A36843F48043A3607E
:10746000E0E7702BDED1A068D1E901532B43CD6852
:1074700020F47F4143EA05230B43A360A36843F054
:107480007703A360CDE7202B02D009D9302BC9D1D7
:10749000A16821F070010B4343F00703A360C0E72C
:1074A00033F01001BED1F3E702207047236A4D6824
:1074B000C86823F0A003216A43EA051321F01001F4
:1074C0002162A16921F4704141EA0031A161236286
:1074D000A36823F0700343F06703A360A1E74B6840
:1074E000C868216A21F00A011943236A23F00103C5
:1074F0002362A36923F0F00343EA0013A36121622E
:10750000A36823F0700343F04703A36089E700BF3B
:107510008800FEFF704700BF10B5846B636A83422A
:107520001ED0A36A83420BD0E36A834227D0236B29
:1075300083422FD02046F9F717FD0023237710BD93
:1075400002222277DB69002BF4D10123204684F844
:107550003F3084F84530F9F707FD0023237710BD4D
:1075600001222277DB69002BE4D184F83E202046FB
:1075700084F84420F9F7F8FC0023237710BD042297
:107580002277DB69002BD5D1012384F8403084F8C1
:107590004630CFE708222277DB69002BCAD10123CE
:1075A00084F8413084F84730C4E700BF10B5846BDD
:1075B000626A824216D0A26A82420BD0E26A82429A
:1075C00018D0226B82421DD02046F9F7CBFC002355
:1075D000237710BD022320462377F9F7C3FC00234D
:1075E000237710BD012320462377F9F7BBFC002346
:1075F000237710BD042320462377F9F7B3FC00233B
:10760000237710BD082320462377F9F7ABFC00232E
:10761000237710BD704700BF704700BFF8B50368FF
:107620000546DE681C69A10701D5B20757D4670774
:1076300001D5700740D4210701D532072AD4E706C7
:1076400001D5F00613D4E10701D5F20765D414F48F
:10765000025F04F4807752D0330666D4600601D509
:10766000710673D4A20601D5B3064DD4F8BD2B68BC
:107670006FF0100228461A6108222A77DB6913F49A
:10768000407F74D1FFF746FF2846FFF7C3FF002372
:107690002B77D8E72B686FF0080228461A6104227E
:1076A0002A77DB699B075FD1FFF734FF2846FFF796
:1076B000B1FF00232B77C2E72B686FF00402284646
:1076C0001A6102222A779B6913F4407F49D1FFF7A0
:1076D00021FF2846FFF79EFF00232B77ABE76FF0D3
:1076E00002021A61012202779B699B0736D1FFF7DC
:1076F00011FF2846FFF78EFF00232B7797E7002F17
:10770000ACD037061AD4A9E72B686FF020022846C0
:107710001A61BDE8F84000F0C9B82B686FF00102AB
:1077200028461A61F9F740FA91E72B686FF4025284
:1077300028461A6100F0BCF8002F8FD02B686FF438
:10774000807228461A6100F0B5F887E72B686FF061
:10775000400228461A61FFF75FFF83E7F9F704FC50
:10776000CAE7F9F701FCB7E7F9F7FEFBA1E7F9F77C
:10777000FBFB8CE710B5846B636A83421CD0A36A61
:1077800083420ED0E36A834220D0236B834228D009
:107790000123204684F83D30F9F7E8FB00232377E6
:1077A00010BD01230222204684F83F302277F9F7EA
:1077B000DDFB0023237710BD01232046237784F8C7
:1077C0003E30F9F7D3FB0023237710BD01230422B9
:1077D000204684F840302277F9F7C8FB002323774E
:1077E00010BD01230822204684F841302277F9F7A2
:1077F000BDFB0023237710BD90F83C30012B4BD00C
:1078000003680246022030B4244D82F83D00AB42AA
:1078100058689C6829D005F58065AB4225D0204D7D
:1078200020F07000AB4218BFB3F1804F05F58065C2
:107830000CBF4FF0010C4FF0000CAB4208BF4CF0F6
:10784000010C05F58065AB4208BF4CF0010C0D68DA
:107850002843144D5860AB4214BF60464CF0010001
:1078600060B91148834209D00DE04D6820F47000E2
:1078700028430D6820F0700028435860896824F080
:1078800080040C439C6000230121184682F83D10BF
:1078900082F83C3030BC7047022070470000014045
:1078A000000400400040014000180040704700BF45
:1078B000704700BF704700BF70B5C66F0446202EEA
:1078C00023D101B31346B2FA82F25209DBB1A0F818
:1078D0005230C164A0F85030C0F8842021202568BF
:1078E000E067206FA0B1026505F12802104DC56365
:1078F000104D0564104DC564FDF774FB38B11023BD
:10790000C4F88430E667012070BD022070BD256890
:1079100040232B6205F1080353E8003F43F0800346
:1079200005F1080141E80032002AF3D1002070BDC2
:10793000FD790008457A0008597A000838B50446F0
:10794000036853E8002F22F4907243E800210029D5
:10795000F7D103F1080252E8002F22F0010203F1EF
:10796000080040E800210029F3D1226E012A27D027
:1079700099681A4649060ED400230F212025A4F841
:107980005A3018461162916941F008019161C4F8BA
:107990008050236638BD03F1080252E8002F22F020
:1079A000400203F1080040E800210029F3D1606F94
:1079B000B8B100230365FDF755FBA0B92268DBE7EA
:1079C00053E8002F22F0100243E800210029CFD015
:1079D00053E8002F22F0100243E800210029EFD1E4
:1079E000C6E71A46C8E7606FFDF76EFC2028E5D1B0
:1079F00010230320C4F8843038BD00BF08B5C36924
:107A0000806BB3F5807F18D000230268A0F8523055
:107A100002F1080353E8003F23F0800302F108005D
:107A200040E800310029F3D152E8003F43F0400321
:107A300042E800310029F7D108BDF9F78FFA08BDF7
:107A4000704700BF806B08B5FFF7FAFF08BD00BFA5
:107A5000704700BF704700BF806B0368C16F10B5EF
:107A6000D0F880409A68120601D521290DD09A6875
:107A7000520601D5222C16D0D0F8843043F01003E2
:107A8000C0F88430F9F76CFA10BD0022A0F852203B
:107A900053E8002F22F0C00243E800210029F7D16B
:107AA0002022C267E3E70022A0F85A2053E8002F03
:107AB00022F4907243E800210029F7D103F1080273
:107AC00052E8002F22F0010203F1080444E80021EB
:107AD0000029F3D1026E012A06D0002320228366FA
:107AE000C0F880200366C7E753E8002F22F0100299
:107AF00043E800210029F0D053E8002F22F01002C3
:107B000043E800210029EFD1E7E700BF08B5806B0B
:107B10000023A0F85A30F9F723FA08BD036840F6AD
:107B20000F0CDA69196812EA0C0F70B504469D68EB
:107B30007DD1960602D58D0600F1FA80206E0128CF
:107B40001FD0150614D4560601D54D0600D470BDBD
:107B500053E8002F22F0400243E800210029F7D12A
:107B6000202200232046E267E366F9F7F7F970BDAB
:107B70000806E8D5E36E002BE9D02046BDE870404A
:107B80001847D506DDD5C806DBD51021B4F8582036
:107B9000196299684E0640F12381606F0168496857
:107BA00089B2002900F05681914280F05381A4F8F7
:107BB0005A10C169B1F5807F2FD053E8002F22F40D
:107BC000807243E800210029F7D103F1080252E84E
:107BD000002F22F0010203F1080545E800210029E9
:107BE000F3D103F1080252E8002F22F0400203F122
:107BF000080545E800210029F3D12022C4F880209F
:107C0000216653E8002F22F0100243E800210029EA
:107C1000F7D1FDF727FAB4F858200223204663660F
:107C2000B4F85A10511A89B2F9F796F970BD15F0E7
:107C3000010540F09D808B4801423FF47FAFD007A3
:107C40000FD5CE0540F1C880012096071862D4F800
:107C5000840040F00100C4F8840072D5002D40F08B
:107C60008B80560740F19280160700F1B28016050E
:107C70000AD54D0108D54FF400601862D4F884008D
:107C800040F02000C4F88400D4F8840000283FF4B9
:107C90005EAF900606D58A0604D5A26E12B12046C4
:107CA00090472368D4F884109A6801F0280102F004
:107CB000400252EA010500F0C78053E8002F22F489
:107CC000907243E800210029F7D103F1080252E83D
:107CD000002F22F0010203F1080040E800210029F2
:107CE000F3D1226E012A5AD000222021C4F880103C
:107CF00022669968A2664E0662D503F1080252E830
:107D0000002F22F0400203F1080040E80021002982
:107D1000F3D1606F002853D0534B0365FDF7ECF9A6
:107D200000283FF414AF606FBDE87040036D184742
:107D3000836E002B7FF422AF09E7CE0584D4900731
:107D40001AD4500722D5002D8ED0042015071862B2
:107D5000D4F8840040F00200C4F8840087D50820DD
:107D60001862D4F8840040F00800C4F884007EE76C
:107D7000D607E2D4900727D5022056071862D4F818
:107D8000840040F00400C4F88400DED410077FF5BE
:107D90006EAF01F0200028433FF469AFDFE753E8FE
:107DA000002F22F0100243E8002100299CD053E864
:107DB000002F22F0100243E800210029EFD193E7C1
:107DC0002046F9F7CDF870BD5007BED41007C6D4D1
:107DD0004DE78D06C3D44AE790073FF542AFB0E7C1
:107DE000B4F85A10B4F85A00521A80B291B200286E
:107DF0003FF4ADAE00293FF4AAAE53E8002F22F4C1
:107E0000907243E800200028F7D103F1080252E8FD
:107E1000002F22F0010203F1080545E800200028A8
:107E2000F3D12022A066C4F88020206653E8002FFA
:107E300022F0100243E800200028F7D10223204658
:107E40006366F9F789F870BD2046F9F789F8C4F838
:107E5000845070BD91427FF47AAEC369B3F5807FE0
:107E6000ECD070BD200100040D7B0008012208B594
:107E70000346806B4266026E012A12D1B0F8581098
:107E80001B684A08A0F85A205B689BB2994201D34C
:107E9000A0F85A30B0F85A30C91A89B2F9F75CF82C
:107EA00008BDFFF7D7FD08BD08B5C3698446806BE0
:107EB000B3F5807F29D000220368A0F85A2053E848
:107EC000002F22F4807243E800210029F7D103F14A
:107ED000080252E8002F22F0010203F1080E4EE8DA
:107EE00000210029F3D103F1080252E8002F22F00B
:107EF000400203F1080E4EE800210029F3D12022B0
:107F0000C0F88020026E012A17D000234366026E5B
:107F1000012A23D1DCF80020A0F85A305368B0F8C9
:107F200058109BB2994201D9A0F85A30B0F85A3093
:107F3000C91A89B2F9F710F808BD53E8002F22F0EA
:107F4000100243E800210029DFD053E8002F22F07F
:107F5000100243E800210029EFD1D6E7FFF778FDB2
:107F600008BD00BF0169826838B5044603680A434A
:107F7000C06961691D680A43964902432940E56862
:107F80000A431A605968A26921F440512943596093
:107F9000216A0A43996821F430610A438E498B4271
:107FA0009A603DD08D4A934216D08D4A934264D058
:107FB0008C4A934200F0BB808B4A93427BD08B4A21
:107FC00093424DD08A4A934200F0D880894A934226
:107FD00000F0EA8001203FE0874BD3F8903003F0B7
:107FE0000C030C2BF6D801A252F823F011810008E3
:107FF000D57F0008D57F0008D57F00089380000852
:10800000D57F0008D57F0008D57F00087180000863
:10801000D57F0008D57F0008D57F00083380000891
:10802000754BD3F8903003F00303022B20D0032BC1
:1080300037D1B0F5004F62D04FF4004063684FF67F
:10804000EF7200EB5300B0FBF3F0A0F1100393428A
:10805000C0D82368D86000200023C4E91A3338BD93
:10806000654BD3F8903003F44063B3F5006F79D1DA
:10807000B0F5004F2DD06148E0E75F4BD3F890306A
:1080800003F03003202BF3D04ED8002B40D0102B20
:10809000A0D1B0F5004F35D0FDF764FD0028DAD04F
:1080A000CCE7012BF5D0B0F5004F55D0FDF79EFD84
:1080B0000028D0D0C2E7504BD3F8903003F440737F
:1080C000B3F5007FD4D02BD813B3B3F5807FE0D0C5
:1080D00080E74B4863684FF6EF7200EB5300B0FB4C
:1080E000F3F3A3F1100191423FF674AF23F00F02B6
:1080F000C3F34203216892B21343CB60ABE74FF462
:108100008030E7E7FDF72EFD0028A4D04000E1E72E
:10811000B0F5004F23D0FDF759FD00289BD08DE727
:10812000B3F5407F85D055E7302B82D052E7324BF4
:10813000D3F8903003F0C003802B99D008D8002BDF
:10814000E6D0402B7FF446AFB0F5004FA4D1D9E77D
:10815000C02B3FF46EAF3DE7FDF748FDD4E7FDF7D8
:1081600035FDD1E705D8002B9DD0B3F5806F90D0B9
:1081700030E7B3F5406F3FF45CAF2BE71E4BD3F80D
:10818000903003F44053B3F5005F3FF471AF06D86D
:10819000002BBDD0B3F5805F3FF47BAF1AE7B3F59A
:1081A000405F3FF446AF15E7134BD3F8903003F42C
:1081B0004043B3F5004F3FF45BAF06D8002BA7D088
:1081C000B3F5804F3FF465AF04E7B3F5404F3FF49C
:1081D00030AFFFE6F369FFEF0010014000440040BC
:1081E00000480040004C0040005000400014014096
:1081F00000780040007C0040003802400024F40079
:108200000048E801436A1A0710B406D50168446BB8
:108210004A6822F4004222434A60DC0706D501681E
:10822000846A4A6822F4003222434A60990706D5DC
:108230000168C46A4A6822F4803222434A605A07BD
:1082400006D50168046B4A6822F4802222434A6002
:10825000DC0606D50168846B8A6822F480522243CA
:108260008A60990606D50168C46B8A6822F40052B8
:1082700022438A605A060AD50168046C4A68B4F53C
:10828000801F22F4801242EA04024A600BD01B06CF
:1082900006D50268816C536823F400230B435360B6
:1082A0005DF8044B70474A68446C22F4C0022243D4
:1082B0004A60ECE738B500230446C0F88430FCF788
:1082C00081FD23681A6812070BD400232022184668
:1082D000E267C4F8802023666366002384F8783060
:1082E00038BD0546DB699B02EFD4FCF76BFD431BF1
:1082F000B3F1007F23682CD21A685007F2D5DA69EF
:1083000011073BD4DA691205ECD54FF400621A620A
:1083100053E8002F22F4907243E800210029F7D19E
:1083200003F1080252E8002F22F0010203F10800D5
:1083300040E800210029F3D1226E012A15D0002245
:108340002021A266C4F8801084F878202266C4F840
:10835000841053E8002F22F0800243E80021002916
:10836000F7D120230320E367B7E753E8002F22F07B
:10837000100243E800210029F7D1E0E708221A6241
:1083800053E8002F22F4907243E800210029F7D12E
:1083900003F1080252E8002F22F0010203F1080065
:1083A00040E800210029F3D1226E012A0BD00022DF
:1083B00020200821C4F88000A266226684F8782074
:1083C000C4F88410C5E753E8002F22F0100243E8F8
:1083D00000210029F7D1EAE770B3C36F10B5044656
:1083E0002BB322682423616AE367136823F0010337
:1083F0001360C1B92046FFF7B5FD012811D02368ED
:1084000020465A6822F490425A609A6822F02A0262
:108410009A601A6842F00102BDE810401A60FFF746
:1084200049BF012010BD2046FFF7ECFEE2E780F8CF
:108430007830FCF79FF9D4E70120704770B51346F8
:10844000002622220546C0F884604165A0F8583015
:10845000C0F88020406F2C6868B10A4604F12401FE
:108460001A4C0665C4631A4C04641A4CC464FCF7C5
:10847000B9FD18BB2C682B693BB154E8003F43F4AD
:10848000807344E80032002AF7D104F1080353E86E
:10849000003F43F0010304F1080141E80032002AE3
:1084A000F3D104F1080353E8003F43F0400304F123
:1084B000080242E800300028F3D170BD10222023CA
:1084C0000120C5F88420C5F8803070BDA97E000861
:1084D0006D7E0008597A000870B5D0F88060202EB3
:1084E00010D169B1B2FA82F56D094AB1012304468F
:1084F00003664566FFF7A2FF18B9236E012B03D070
:10850000012070BD022070BD22681023136252E862
:10851000003F43F0100342E800310029F7D170BD5D
:10852000406E7047EFF305837BB9EFF3108343B9D7
:10853000EFF311832BB9084B186848B901221A6070
:108540007047054B18680228F7D16FF00500704797
:108550004FF0FF30704700BF5466012008B5EFF3BD
:108560000583C3B9EFF310835BB10C4B1A68022A81
:1085700011D0012A0CD102221A6001F057FA002012
:1085800008BDEFF31183002BEFD1044B1A68F0E71D
:108590004FF0FF3008BD6FF0050008BD54660120A4
:1085A000EFF3058343B9EFF310833BB1084B1B682E
:1085B000022B01D001F0C8BA01F0CCBAEFF311835D
:1085C000002BF7D0024B1B68022BF3D1F4E700BF5E
:1085D00054660120F0B5002587B014460595EFF3E9
:1085E00005827ABBEFF310837BBBEFF3118363BB90
:1085F00078B3E4B1A5697DB36B1E372B22D86368CD
:10860000DB071FD463694BB39A08A668D4F800C08F
:10861000E7682EB3A72F1CD92469D3B1CCB10B4680
:1086200000956146CDE9014601F090F90BE080220A
:1086300018250B46214605AC0095019401F0C6F9BA
:10864000012806D0002007B0F0BD094B1B68022BA3
:10865000CED1059807B0F0BD1825D0E78022D4E729
:10866000002FF6D12369002BF3D192B26446E0E7E4
:108670005466012000B300291EDB4FF0FF3330B5F4
:1086800085B004460293EFF30583C3B9EFF310837B
:10869000002B34D01C4B1B68022B10D0002301226E
:1086A000204601F065FE002202AB2046114601F093
:1086B0005FFE029805B030BD6FF0030070470025E3
:1086C00003A801222B4600902046039501F0D4FE1A
:1086D00002AB2A4629462046009501F0CDFE039BB9
:1086E000002BE6D04FF0E0234FF08052C3F8042D6A
:1086F000BFF34F8FBFF36F8F029805B030BDEFF31C
:108700001183002BCAD0C5E75466012070B582B032
:10871000EFF3058303BB0546EFF31083A3B1194BB9
:108720001B68022B18D0002D1BDB01F04DFD002231
:1087300001AB0646114601F01BFE012816D04FF092
:10874000FF34204602B070BDEFF31183002BEAD056
:108750000C4B1B68022BE6D16FF00504204602B0DB
:1087600070BD6FF00304204602B070BD019C002371
:108770000322304624EA0501019101F0F9FD0128A8
:10878000DDD1DEE7546601202DE9F04782B0EFF33A
:10879000058373BB06461546EFF310830BB34A4BB4
:1087A0001B68022B25D0002E5BDB11F0020F01F0BD
:1087B00001040CBFB0464FF0000801F0C5F9814636
:1087C000002D5AD0DCB901AF2B463A464146002075
:1087D00001F058FD012832D0002848D06FF0010484
:1087E000F2E7EFF31183002BDDD0374B1B68022B30
:1087F000D9D16FF00504204602B0BDE8F08700240F
:1088000001AF2B463A464146002001F03BFD0128CE
:1088100003D060B36FF00104F3E7019B34401C43C5
:1088200036EA0403E7D001F08FF9A0EB090209EB67
:1088300005039542A3EB0005E3D20025E1E7019B88
:1088400034401C4316EA040AD5D101F07DF9A0EBAF
:10885000090209EB05039542A3EB0005B4D2554686
:10886000B2E76FF00304204602B0BDE8F0876FF076
:108870000104204602B0BDE8F08701AF1CB113E04F
:108880006FF00204E8B100233A464146184601F071
:10889000F9FC0128F4D13440019B1C43264210D03E
:1088A000A9E76FF0020560B100233A464146184639
:1088B00001F0E8FC0128F4D13540019C2C43A6438B
:1088C00099D06FF0020496E75466012008B5EFF3E3
:1088D0000583ABB9EFF3108333B10B4B1B68022B4D
:1088E0000ED050B9002008BDEFF31183002BF8D053
:1088F000054B1B68022BF4D102E001F08BFAF1E783
:108900006FF0050008BD00BF54660120EFF305833A
:10891000FBB930B5144685B0EFF31083A3B9EFF37C
:1089200011838BB968B161B1ACB1D4E90232F3B152
:108930004F2A06D9226922B101FB00FC6569654511
:1089400023D2002005B030BD134B1B68022BE9D1A8
:10895000F7E700207047224600F0DAF90028F0D04F
:108960002146039000F0FEFD039805B030BD002ABB
:10897000E7D12369002BE4D16269002AE1D100F03C
:10898000C7F90028DDD02468EAE70025009500F04B
:1089900049F90028F7D1D4E75466012010B51C46E8
:1089A00082B0EFF30583C3B9EFF31083002B36D009
:1089B000234B1B68022B10D000283DD0B1FA81F365
:1089C0005B09002938D0224600F0E6F9012818D0CA
:1089D00074B36FF0010002B010BD003C18BF012459
:1089E000002908BF44F0010434BBB0FA80F35B09EE
:1089F00010B301AA019300F059FB012818D1019B83
:108A000013B9002002B010BD4FF0E0234FF08052A8
:108A1000C3F8042DBFF34F8FBFF36F8FF1E7EFF370
:108A20001183002BC8D0064B1B68022BC4D1D4E79E
:108A30006FF0020002B010BD6FF00300E2E700BF6C
:108A40005466012010B51C4682B0EFF30583ABB924
:108A5000EFF31083002B33D0214B1B68022B0DD07A
:108A600000283AD0002938D0224600F08BFB01289C
:108A700018D074B36FF0010002B010BD003C18BFF5
:108A80000124002908BF44F0010434BBB0FA80F38C
:108A90005B0910B301AA019300F002FD012818D16F
:108AA000019B13B9002002B010BD4FF0E0234FF03E
:108AB0008052C3F8042DBFF34F8FBFF36F8FF1E7E0
:108AC000EFF31183002BCBD0054B1B68022BC7D1D2
:108AD000D4E76FF0020002B010BD6FF00300E2E7D0
:108AE00054660120044B10B403608023034C0C60D7
:108AF0005DF8044B13607047AC650120AC63012046
:108B0000054B10B403604FF48073044C0C605DF8A7
:108B1000044B1360704700BF04630120045F012011
:108B200000F108034FF0FF310022816002604360D2
:108B3000C0E90333704700BF00230361704700BFE3
:108B400003684268013310B49468C1E9012461608C
:108B500091605DF8044B08610360704730B40D68A4
:108B60006B1C10D000F108031C465B681A68AA420F
:108B7000FAD902684B60013299608C6061600861CB
:108B8000026030BC704704696368F2E7036910B49F
:108B90005C68D0E9011284425DF8044B8A60516040
:108BA0004FF0000108BF5A601A680161013A1A606B
:108BB0001868704770B51646026C0446856B2AB972
:108BC000066801354EB31046A56370BD7EB9406896
:108BD00002F096FA6368216CA2680B4493426360CA
:108BE00024BF2368636001350020A56370BDC068A1
:108BF00002F086FA226CE36851429B1A2268934283
:108C0000E36002D2A3680B44E360022EEBD1012D96
:108C10004FF0000038BF0125D6E7806801F0EAFA7E
:108C2000A660D1E730B583B09DF8185050B94FF029
:108C3000500372B683F31188BFF36F8FBFF34F8F6A
:108C400062B6FEE71C4663B13AB3A9B94FF05003D0
:108C500072B683F31188BFF36F8FBFF34F8F62B685
:108C6000FEE74FF0500372B683F31188BFF36F8FA6
:108C7000BFF34F8F62B6FEE77AB150230193019B99
:108C8000502B17D04FF0500372B683F31188BFF307
:108C90006F8FBFF34F8F62B6FEE70029EDD04FF024
:108CA000500372B683F31188BFF36F8FBFF34F8FFA
:108CB00062B6FEE7002908BF2246019B0123E0635C
:108CC0002260216484F8463001F0DCFE226804F161
:108CD00010006260D4E90F3101FB03F3591A134409
:108CE0000A44A3600021FF23E260A16384F84430BA
:108CF00084F84530FFF714FF04F12400FFF710FF5C
:108D000001F0E6FE204684F84C5003B030BD00BFB1
:108D1000F8B550B94FF0500372B683F31188BFF322
:108D20006F8FBFF34F8F62B6FEE7054601FB00F081
:108D30000E461746503001F0F7FF044640B30023BB
:108D400080F8463036B300F150032360C4E90F5673
:108D500001F098FE226804F110006260D4E90F313E
:108D600001FB03F3591A13440A44A3600021FF23B3
:108D7000E260A16384F8443084F84530FFF7D0FE08
:108D800004F12400FFF7CCFE01F0A2FE84F84C7041
:108D90002046F8BD0346D8E72DE9F04784B001929C
:108DA000002800F00781884604461F46002900F08D
:108DB0009980022F0DD1E36B012B0AD04FF05003A5
:108DC00072B683F31188BFF36F8FBFF34F8F62B614
:108DD000FEE701F0FFF9002800F0F780A7F1020993
:108DE000002504F12406B9FA89F94FEA591901F06E
:108DF00049FEA26BE36B9A42C0F0F680B9F1000F16
:108E000040F0F280019B002B00F00781002D00F064
:108E1000CD8001F05DFE00F08FFE01F033FE94F88E
:108E20004430FF2B02D1002384F8443094F84530BD
:108E3000FF2B02D1002384F8453001F049FE01A93F
:108E400002A801F075F9002840F0EB8001F01AFE4D
:108E5000A26BE36B9A4254D001F03AFE01F012FE8D
:108E600094F8452055B2002D04DC11E06A1ED3B2FF
:108E700055B26BB1636A304653B101F005F9002871
:108E8000F4D001F09BF96A1ED3B255B2002BF1D198
:108E9000FF2384F8453001F01BFE01F0F3FD94F848
:108EA000442055B2002D14DD04F1100A03E06A1EBF
:108EB000D3B255B26BB12369504653B101F0E4F817
:108EC0000028F4D001F07AF96A1ED3B255B2002B13
:108ED000F1D1FF2384F8443001F0FAFD00F088FF5F
:108EE000012584E7036C002B3FF463AF4FF0500380
:108EF00072B683F31188BFF36F8FBFF34F8F62B6E3
:108F0000FEE704F1100A01F0E3FD0199504601F07B
:108F100029F801F0B7FD94F845305DB2002D04DC6E
:108F200011E06B1EDAB25DB26AB1636A304653B1CA
:108F300001F0AAF80028F4D001F040F96B1EDAB273
:108F40005DB2002AF1D1FF2384F8453001F0C0FD65
:108F500001F098FD94F844305DB2002D04DC11E07E
:108F60006B1EDAB25DB26AB12369504653B101F0AB
:108F70008BF80028F4D001F021F96B1EDAB25DB253
:108F8000002AF1D1FF2384F8443001F0A1FD00F064
:108F90002FFF0028A4D14FF0E0234FF08052C3F8F8
:108FA000042DBFF34F8FBFF36F8F99E702A801F035
:108FB000B3F82EE74FF0500372B683F31188BFF376
:108FC0006F8FBFF34F8F62B6FEE7019B002B3FF41C
:108FD00005AF4FF0500372B683F31188BFF36F8F64
:108FE000BFF34F8F62B6FEE73A4641462046FFF791
:108FF000E1FD636A002B51D148B14FF0E0234FF0FF
:109000008052C3F8042DBFF34F8FBFF36F8F01F071
:109010005FFD012004B0BDE8F08701F059FD00209C
:10902000F8E701F02FFD94F845305DB2002D10DD1A
:1090300004F1240603E06B1EDAB25DB24AB1636A42
:10904000304633B101F020F80028F4D001F0B6F832
:10905000F1E7FF2384F8453001F03AFD01F012FDFD
:1090600094F844305DB2002D10DD04F1100603E0E9
:109070006B1EDAB25DB24AB12369304633B101F0FA
:1090800003F80028F4D001F099F8F1E7FF2384F801
:10909000443001F01DFD00F0ABFEC0E704F12400F8
:1090A00000F0F2FF0028B2D0A7E700BF002850D0A0
:1090B0002DE9F0410E46044617461D4659B3022DD0
:1090C0000DD1E36B012B0AD04FF0500372B683F33E
:1090D0001188BFF36F8FBFF34F8F62B6FEE701F0C9
:1090E000F1FDEFF311884FF0500372B683F311884E
:1090F000BFF36F8FBFF34F8F62B6A26BE36B9A42E1
:1091000017D3A5F10200B0FA80F0400988B988F3BE
:109110001188BDE8F081036C002BD0D04FF05003D4
:1091200072B683F31188BFF36F8FBFF34F8F62B6B0
:10913000FEE72A4694F84550314620466DB2FFF7C7
:1091400039FD6B1C10D06B1C5BB284F845300120DC
:10915000DDE74FF0500372B683F31188BFF36F8FD2
:10916000BFF34F8F62B6FEE7636A002BEFD004F1C6
:10917000240000F089FF0028E9D0002FE7D0012368
:109180003B60E4E72DE9F04385B00192002800F050
:109190006A810F460446002900F0988001F01AF811
:1091A000002800F0A28001F06DFCA56B002D76D1A7
:1091B000019B002B00F0FA80A84604F1240602A8C7
:1091C00000F0AAFF01F084FC00F0B6FC01F05AFCAC
:1091D00094F84430FF2B01D184F8448094F8453052
:1091E000FF2B01D184F8458001F072FC01A902A88F
:1091F00000F09EFF002840F0878001F043FCA36B45
:10920000002B00F0D98001F063FC01F03BFC94F8E6
:1092100045305DB2002D14DD04F1240903E06B1E1E
:10922000DAB25DB26AB1636A484653B100F02CFF0E
:109230000028F4D000F0C2FF6B1EDAB25DB2002A43
:10924000F1D1FF2384F8453001F042FC01F01AFC13
:1092500094F844305DB2002D14DD04F1100903E0F0
:109260006B1EDAB25DB26AB12369484653B100F0B1
:109270000BFF0028F4D000F0A1FF6B1EDAB25DB244
:10928000002AF1D1FF2384F8443001F021FC00F0E2
:10929000AFFD01F0F7FBA56B002D00F08380226C81
:1092A00052B1E168A36811449942E16001D3216899
:1092B000E160384601F024FF013DA5632369002BDE
:1092C00040F0DC8001F004FC012072E0036C002B14
:1092D0003FF464AF4FF0500372B683F31188BFF3CD
:1092E0006F8FBFF34F8F62B6FEE7019B002B3FF4F9
:1092F0005AAF4FF0500372B683F31188BFF36F8FEC
:10930000BFF34F8F62B6FEE701F0BCFB94F8453027
:109310005DB2002D04DC11E06B1EDAB25DB26AB101
:10932000636A304653B100F0AFFE0028F4D000F07D
:1093300045FF6B1EDAB25DB2002AF1D1FF2384F83B
:10934000453001F0C5FB01F09DFB94F844305DB25F
:10935000002D14DD04F1100903E06B1EDAB25DB2DA
:109360006AB12369484653B100F08EFE0028F4D05C
:1093700000F024FF6B1EDAB25DB2002AF1D1FF23A8
:1093800084F8443001F0A4FB00F032FD01F07AFBD8
:10939000A36B5BB101F09CFB01F074FBA56B002D8E
:1093A0007FF47DAF019B002B7FF40CAF01F090FBAD
:1093B000002005B0BDE8F08304F1240901F088FB2A
:1093C0000199484600F0CEFD01F05CFB94F8453071
:1093D0005DB2002D04DC11E06B1EDAB25DB26AB141
:1093E000636A484653B100F04FFE0028F4D000F005
:1093F000E5FE6B1EDAB25DB2002AF1D1FF2384F8DC
:10940000453001F065FB01F03DFB94F844305DB25E
:10941000002D14DD04F1100903E06B1EDAB25DB219
:109420006AB12369484653B100F02EFE0028F4D0FB
:1094300000F0C4FE6B1EDAB25DB2002AF1D1FF2348
:1094400084F8443001F044FB00F0D2FC0028A3D1A2
:109450004FF0E0234FF08052C3F8042DBFF34F8F3D
:10946000BFF36F8F98E74FF0500372B683F3118804
:10947000BFF36F8FBFF34F8F62B6FEE704F11000AA
:1094800000F002FE00283FF41DAF4FF0E0234FF044
:109490008052C3F8042DBFF34F8FBFF36F8F11E7D6
:1094A0002DE9F84330B30F4604461646A1B101F04A
:1094B00009FCEFF311894FF0500372B683F3118862
:1094C000BFF36F8FBFF34F8F62B6A56BEDB9284620
:1094D00089F31188BDE8F883036C002BE7D04FF0C7
:1094E000500372B683F31188BFF36F8FBFF34F8FB2
:1094F00062B6FEE74FF0500372B683F31188BFF3F4
:109500006F8FBFF34F8F62B6FEE794F84480226CF2
:109510004FFA88F842B1E168A36811449942E160CA
:109520001CD2384601F0ECFD013DB8F1FF3FA563C8
:1095300006D008F101035BB284F844300120C7E78C
:109540002369002BFAD004F1100000F09DFD002EDD
:10955000F4D00028F2D001233360EFE72168E16006
:10956000DFE700BF124B1A687AB19A6862B11A69D4
:1095700092B19A6992B11A6A92B19A6A92B11A6BCF
:1095800092B19A6B92B17047012203EBC20C43F87F
:109590003210CCF8040070470222F6E70322F4E709
:1095A0000422F2E70522F0E70622EEE70722ECE7C5
:1095B0005866012070B505460E46144601F062FA61
:1095C00095F84430FF2B02D1002385F8443095F8FC
:1095D0004530FF2B02D1002385F8453001F078FAA1
:1095E000AB6B002B43D001F04DFA95F845305CB2DF
:1095F000002C14DD05F1240603E0631EDAB25CB230
:109600006AB16B6A304653B100F03EFD0028F4D0D9
:1096100000F0D4FD631EDAB25CB2002AF1D1FF2360
:1096200085F8453001F054FA01F02CFA95F84430F1
:109630005CB2002C14DD05F1100603E0631EDAB203
:109640005CB26AB12B69304653B100F01DFD0028B1
:10965000F4D000F0B3FD631EDAB25CB2002AF1D19F
:10966000FF2385F84430BDE8704001F031BA22464E
:10967000314605F1240000F0BBFCB4E72DE9F843C6
:10968000054601F0FFF9344A344E13680133136084
:109690003368002B31D0324CE86A236833B3314F42
:1096A000314A32491368013313606B640B6883429B
:1096B00000D2086000EB8000291D07EB8000FFF757
:1096C0003FFA01F005FA236873B13268EB6AD26A97
:1096D0009A4209D24FF0E0234FF08052C3F8042D94
:1096E000BFF34F8FBFF36F8FBDE8F88333681D4F13
:1096F000DB6A8342D4D83560D2E735601368012B2A
:1097000003D0E86A174F164CCAE7164F3C4607F5D8
:109710008C6820461434FFF703FAA045F9D1DFF82E
:109720006490DFF8648048460D4CFFF7F9F9404635
:10973000FFF7F6F90E48FFF7F3F90E48FFF7F0F9D7
:109740000D48FFF7EDF90D4BE86AC3F800900C4B9C
:10975000C3F80080A4E700BFBC660120906B012025
:10976000B066012030670120A0660120B4660120A8
:10977000EC660120D8660120C06601200467012044
:10978000006701201C670120086701202DE9F047D0
:109790000A9C960007460D463246A521206B984646
:1097A000DDF82490043E01F021FC236B1E4426F0DA
:1097B0000706002D72D02B7884F83430002B36D079
:1097C0006B7884F8353093B3AB7884F8363073B364
:1097D000EB7884F8373053B32B7984F8383033B3CF
:1097E0006B7984F8393013B3AB7984F83A30F3B13C
:1097F000EB7984F83B30D3B12B7A84F83C30B3B1A9
:109800006B7A84F83D3093B1AB7A84F83E3073B113
:10981000EB7A84F83F3053B12B7B84F8403033B17E
:109820006B7B84F8413013B1AB7B84F8423000236A
:1098300084F84330089D4FF0000A201D372DC4F8EE
:1098400050A028BF3725E562E564C5F13805FFF76C
:1098500073F904F11800FFF76FF951464C22A56126
:10986000C4F8A0A004F154002461646284F8A4A0A8
:1098700001F0BCFB0B4B4246394603F16805A3657A
:10988000D0333046E565236601F0D2F82060B9F1A7
:10989000000F01D0C9F80040BDE8F08784F83450CB
:1098A000C8E700BFE06C022080B5244D244F254E50
:1098B000DFF894802B686BB301F0E4F8FB68DC6898
:1098C000201DFFF763F93368013B33602B68013BD0
:1098D0002B6001F0FDF804F1540001F08FFB94F8C7
:1098E000A53073B1012B24D0022BE3D04FF05003ED
:1098F00072B683F31188BFF36F8FBFF34F8F62B6D9
:10990000FEE7206B01F0CAFA204601F0C7FA2B6887
:10991000002BD1D1D8F80030012BCBD94FF0E02368
:109920004FF08052C3F8042DBFF34F8FBFF36F8FFA
:10993000C0E7204601F0B2FABCE700BFD4660120C0
:10994000D8660120BC6601203067012030B587B0A1
:109950000B9CE4B10C9D7DB1A8250595059DA82D16
:1099600020D04FF0500372B683F31188BFF36F8F8E
:10997000BFF34F8F62B6FEE74FF0500372B683F32A
:109980001188BFF36F8FBFF34F8F62B6FEE74FF0C2
:10999000500372B683F31188BFF36F8FBFF34F8FFD
:1099A00062B6FEE70C9D2C63022402950A9D009589
:1099B0000C9D85F8A54004AC059D0194FFF7E6FEDB
:1099C0000C98FFF75BFE049807B030BD2DE9F0431B
:1099D000074685B0900015468846994601F0A4F9DF
:1099E000F0B10446A82001F09FF90646A8B104632F
:1099F00000244B462A4686F8A54041460D9C384631
:109A0000029601940C9C0094FFF7C0FE3046FFF7CD
:109A100035FE012005B0BDE8F083204601F03EFA96
:109A20004FF0FF3005B0BDE8F08300BF30B58BB01C
:109A3000002407AA06A905A8CDE90544FFF752F8B6
:109A4000059DDDE90632DBB17DB1A82109910999B7
:109A5000A82920D04FF0500372B683F31188BFF3CA
:109A60006F8FBFF34F8F62B6FEE74FF0500372B6B1
:109A700083F31188BFF36F8FBFF34F8F62B6FEE79A
:109A80004FF0500372B683F31188BFF36F8FBFF3AB
:109A90004F8F62B6FEE702212B63204885F8A510A0
:109AA00008A9099B23460094CDE901151C49FFF73D
:109AB0006DFE2846FFF7E2FD089B8BB100F016FF14
:109AC000012803460ED001330AD14FF0500372B67D
:109AD00083F31188BFF36F8FBFF34F8F62B6FEE73A
:109AE0000BB030BD4FF0500272B682F31188BFF355
:109AF0006F8FBFF34F8F62B60A4A0B4912680B484B
:109B000054320A604FF0FF3209490260094A0B6083
:109B100014600BB0BDE8304001F050B8A9980008BF
:109B200088BB0008906B0120100001209C6601207A
:109B3000B0660120B8660120024A13680133136041
:109B4000704700BF98660120014B1868704700BF3E
:109B5000B866012008B501F0B5F8014B186808BDDA
:109B6000B86601204F4B1B682DE9F04F83B0002BE6
:109B700044D14D4B1E6801361E60002E4CD04B4B1D
:109B800001931B68B3425FD8494F3B681D68002DA5
:109B900076D00025DFF82C91DFF82CA1DFF82C819E
:109BA00020E0FEF7F3FFA36A04F118000BB1FEF703
:109BB000EDFFE06A5946D8F80030984201D9C8F85C
:109BC000000000EB800009EB8000FEF7B9FFDAF837
:109BD0000030E26ADB6A9A4228BF01253B681B68B5
:109BE000002B51D03B68DB68DC68636804F1040B30
:109BF0009E425846D5D2019A13602AE02D4A00258C
:109C00001368013313602C4B1B68002B0CBF2846D4
:109C1000012003B0BDE8F08F254B1A68126822BB03
:109C2000264A186811681960254910600A680132CF
:109C30000A601A68126862BB1C4B1A4601934FF007
:109C4000FF33136013469CE70025DFF87890DFF8B8
:109C500078A0DAF80030DB6A03EB83039B0059F845
:109C60000330022B28BF0125CDE74FF0500372B619
:109C700083F31188BFF36F8FBFF34F8F62B6FEE798
:109C8000DFF84090DFF840A04FF0FF33019A1360F7
:109C9000DFE71B68054ADB680192DB685B681360DD
:109CA00013466EE798660120B86601209C66012085
:109CB00004670120AC660120A8660120006701202E
:109CC000A466012030670120906B0120B46601205A
:109CD0002DE9F84F00F0D6FE3B4B1A68013A1A60A6
:109CE0001B68002B5AD1394B1B68002B56D0384DBE
:109CF0002B68002B65D0374E4FF0010ADFF8E88063
:109D0000354FDFF8E890EB68DC6804F1040B04F1F0
:109D10001800FEF73BFF5846FEF738FFE36A32684B
:109D2000594603EB8300934208EB800000D933606F
:109D3000FEF706FF3B68E26ADB6A9A4234D3C9F851
:109D400000A02B68002BDED1244B1A681268002A71
:109D500032D01A68224BD268D26852681A60214EFB
:109D6000346844B10125FFF7FDFE08B1C9F8005081
:109D7000013CF8D13460D9F800307BB14FF0E023DA
:109D80004FF08052C3F8042DBFF34F8FBFF36F8F96
:109D9000012400F09DFE2046BDE8F88F002400F06D
:109DA00097FE2046BDE8F88F2B68002BABD10B4BFC
:109DB0001A681268002ACCD1094B4FF0FF321A60A2
:109DC000CDE7DFF82890CAE798660120BC6601203D
:109DD000EC660120B4660120906B0120046701202D
:109DE0009C660120AC66012030670120A866012036
:109DF000074B1B6853B94FF0500372B683F31188B9
:109E0000BFF36F8FBFF34F8F62B6FEE7FFF760BF00
:109E100098660120F8B550B94FF0E0234FF080521A
:109E2000C3F8042DBFF34F8FBFF36F8FF8BD204DE4
:109E30002B6853B14FF0500372B683F31188BFF310
:109E40006F8FBFF34F8F62B6FEE72B680446013376
:109E50002B60184B184E1F6830680430FEF796FED2
:109E6000E41933685C6017D3144B18683168043107
:109E7000FEF774FE2B6853B94FF0500372B683F3AC
:109E80001188BFF36F8FBFF34F8F62B6FEE7FFF706
:109E90001FFF0028C0D0F8BD094B18683168043195
:109EA000FEF75CFE074B1A689442E3D21C60E1E7C0
:109EB00098660120B8660120906B012000670120A0
:109EC000046701209C660120204B1B681BB1204BBE
:109ED00001221A6070471E4A1E4910B41E4C1360BE
:109EE000236803EB8302980092008A5842B9F3B1C9
:109EF000013B03EB8302980051F82220002AF6D0A0
:109F0000184401EB800CDCF8041062464968083202
:109F10009142CCF8041015D0104AC868104910605E
:109F2000236013685DF8044B54330B6070474FF0A7
:109F3000500372B683F31188BFF36F8FBFF34F8F57
:109F400062B6FEE74968CCF80410E5E798660120A0
:109F5000A866012030670120B4660120906B0120C3
:109F600010000120F0B170B51B4D0C462968183166
:109F7000FEF7F4FD194B1E6828680430FEF706FE54
:109F8000631C22D0A4192B685C6016D2144B18688D
:109F900029680431FEF7E2FD124B1A68944200D2A0
:109FA0001C6070BD4FF0500372B683F31188BFF38D
:109FB0006F8FBFF34F8F62B6FEE70B4B18682968AF
:109FC000BDE870400431FEF7C9BD29680748043177
:109FD000BDE87040FEF7B4BD906B0120B86601206B
:109FE000046701209C66012000670120C0660120F3
:109FF00058B370B51E4E0C46154631681831FEF741
:10A000009FFD65B11B4B1B6830680430FEF7BEFD39
:10A01000316819480431BDE87040FEF791BD154B19
:10A020001D6830680430FEF7B1FD641933685C6068
:10A0300016D2124B186831680431FEF78FFD104BB1
:10A040001A68944200D21C6070BD4FF0500372B683
:10A0500083F31188BFF36F8FBFF34F8F62B6FEE7B4
:10A06000084B18683168BDE870400431FEF776BDD2
:10A07000906B0120B8660120C066012004670120B2
:10A080009C6601200067012038B5C368DC684CB3CA
:10A0900004F118052846FEF779FD194B1B6873B1CA
:10A0A00029461848FEF74CFD174BE26A1B68DB6A2D
:10A0B0009A4222D90123154A1846136038BD251D3E
:10A0C0002846FEF763FD124BE06A1A68904200D9F9
:10A0D0001860104B00EB8000294603EB8000FEF770
:10A0E0002FFDE1E74FF0500372B683F31188BFF301
:10A0F0006F8FBFF34F8F62B6FEE7002038BD00BF01
:10A1000098660120EC660120906B0120A866012072
:10A11000B466012030670120034A044B12681B68B3
:10A12000C0E90023704700BFA4660120B866012083
:10A13000F8B518B30D46B1B1044600F0A3FC2B6886
:10A140001C4A581C116830D0DFF86CC02668DCF857
:10A1500000706068BE421CD088421AD8012400F00A
:10A16000B7FC2046F8BD4FF0500372B683F3118858
:10A17000BFF36F8FBFF34F8F62B6FEE74FF0500310
:10A1800072B683F31188BFF36F8FBFF34F8F62B640
:10A19000FEE7A1EB000E734509D95B1ADCF800104D
:10A1A000126803442B60C4E900120024D7E700239F
:10A1B0002B60D3E7B8660120A4660120014B012281
:10A1C0001A607047A8660120014B1868704700BFED
:10A1D000906B0120054B1B6833B1054B1868B0FA32
:10A1E00080F040094000704701207047B0660120B0
:10A1F0009866012028B338B51F4B1C6884420AD0EA
:10A200004FF0500372B683F31188BFF36F8FBFF323
:10A210004F8F62B6FEE7236D43B1E16A013BE26C0A
:10A220002365914200D073B1002038BD4FF0500338
:10A2300072B683F31188BFF36F8FBFF34F8F62B68F
:10A24000FEE700207047251D2846FEF79FFCE06CC6
:10A250000A4BC0F13802E062A2611A68904200D94C
:10A260001860074B00EB8000294603EB8000FEF7E7
:10A2700067FC012038BD00BF906B0120B46601204F
:10A28000306701202DE9F041334C1D4606468846D3
:10A29000174600F0F7FB236893F8A430022B0BD08D
:10A2A00022680121D2F8A03023EA0603C2F8A030C8
:10A2B000236883F8A410BDB900F00AFC00F0E2FBAB
:10A2C0001FB12368D3F8A0303B60236893F8A43013
:10A2D000022B26D000252368002283F8A42000F05A
:10A2E000F7FB2846BDE8F0811C4B1E68206804304F
:10A2F000FEF74CFC6B1C1DD0AD1923685D601FD3AD
:10A30000174B186821680431FEF728FC4FF0E02352
:10A310004FF08052C3F8042DBFF34F8FBFF36F8F00
:10A32000CAE722680125D2F8A03023EA0803C2F860
:10A33000A030D0E721680B480431FEF701FCE5E7C7
:10A34000094B186821680431FEF708FC074B1A68AE
:10A350009542DBD21D60D9E7906B0120B8660120E1
:10A3600000670120C0660120046701209C6601206F
:10A37000F8B508B31E460F460446154600F082FBAA
:10A3800016B1D4F8A030336094F8A4300222DBB2C6
:10A3900084F8A420042D59D8DFE805F007191F051B
:10A3A0000300022B3FD0C4F8A070012B1BD0012466
:10A3B00000F08EFB2046F8BD4FF0500372B683F3D9
:10A3C0001188BFF36F8FBFF34F8F62B6FEE7D4F8EB
:10A3D000A0203A43C4F8A020E7E7D4F8A020013237
:10A3E000C4F8A020E1E7251D2846FEF7CFFB1F4B50
:10A3F000E06A1A68904214D81D4B00EB8000294691
:10A4000003EB8000FEF79CFBA36A73B14FF050038F
:10A4100072B683F31188BFF36F8FBFF34F8F62B6AD
:10A42000FEE71860E8E70024C2E7124BE26A1B6807
:10A43000DB6A9A42BBD94FF0E0234FF08052C3F859
:10A44000042DBFF34F8FBFF36F8FB0E7D4F8A02078
:10A450000132AAD04FF0500372B683F31188BFF3D4
:10A460006F8FBFF34F8F62B6FEE700BFB466012067
:10A4700030670120906B012078B32DE9F0410F4641
:10A4800016461D46044600F01DFCEFF311884FF000
:10A49000500372B683F31188BFF36F8FBFF34F8FF2
:10A4A00062B615B1D4F8A0302B6094F8A430022223
:10A4B000DBB284F8A420042E5FD8DFE806F0071989
:10A4C0001F050300022B2CD0C4F8A070012B1BD059
:10A4D000012088F31188BDE8F0814FF0500372B677
:10A4E00083F31188BFF36F8FBFF34F8F62B6FEE720
:10A4F000D4F8A0203A43C4F8A020E7E7D4F8A0207D
:10A500000132C4F8A020E1E7A36A63B14FF0500321
:10A5100072B683F31188BFF36F8FBFF34F8F62B6AC
:10A52000FEE70020D5E71C4B1B6803BB251D284612
:10A53000FEF72CFB194BE06A1A68904200D91860AC
:10A5400000EB8000164B294603EB8000FEF7F8FA7B
:10A55000144BE26A1B68DB6A9A42B9D9069B13B1B5
:10A560001A4601231360104B01221A60B0E704F170
:10A5700018010E48FEF7E4FAEAE7D4F8A020013209
:10A58000A4D04FF0500372B683F31188BFF36F8FDE
:10A59000BFF34F8F62B6FEE798660120B4660120D4
:10A5A00030670120906B0120A8660120EC66012035
:10A5B0002DE9F041224E84B00DE0DB68DC681F68B5
:10A5C000251D2846FEF7E2FA236A2046984794F8AC
:10A5D00028305B070AD433681A68002AEDD1194A7B
:10A5E00011681360316004B0BDE8F081A3692946A9
:10A5F000DFF854803B449F4205D230686360246199
:10A60000FEF7ACFAE7E7D8F8003000256BB102940A
:10A61000CDE90057FFF7DEFD2B462A466946D8F8FC
:10A620000000FEF7B9FB0028D5D14FF0500372B6F9
:10A6300083F31188BFF36F8FBFF34F8F62B6FEE7CE
:10A64000946C0120906C01208C6C01202DE9F04F5E
:10A65000A24E89B0A24D4FF0E029A24C33681F688A
:10A66000002F00F0B480DB681F68FFF765FAFFF782
:10A670006BFA2B6882469842C0F0B180874228600E
:10A6800000F2D280FFF7B4FB3368DB68D3F80CB07C
:10A690000BF104084046FEF779FA9BF8283058077A
:10A6A00000F1D28023F001038BF82830DBF8203052
:10A6B00058469847002269462068FEF763FD002847
:10A6C000CCD0009B0298002B79DB029F7B6913B1F1
:10A6D000381DFEF75BFAFFF737FA2B68834698427E
:10A6E000C0F08480009BC5F800B0092BE2D8DFE8F9
:10A6F00003F005050556405D0505564097F82820EE
:10A70000019B42F001023F6187F82820BA6999183D
:10A710002CBF012000205945796000F28780ABEB07
:10A7200003039A4200F2C2803B6A3846984797F882
:10A7300028305907BED52168019BBA6971B113440D
:10A74000CDE9053700270497FFF744FD3B463A461D
:10A7500004A92068FEF720FB0028ABD14FF050037E
:10A7600072B683F31188BFF36F8FBFF34F8F62B65A
:10A77000FEE797F82820019B42F00102BB6187F8B1
:10A780002820002B00F09E805B44391D3F615B4513
:10A790007B6055D8544B1868FEF7E0F98AE797F8C4
:10A7A000283023F0010387F8283083E797F8283012
:10A7B0009A0772D523F0010387F828307AE7019BC6
:10A7C00003999847009B002BFFF674AF7DE7FFF7D6
:10A7D000B3F9FFF7B9F92B688246984209D2FFF71F
:10A7E000E7FEC5F800A0FFF703FB63E7FFF7E0FE15
:10A7F00078E73D4BC5F800A01B681A68B2FA82F2F0
:10A800005209A7EB0A012068FEF7D4FEFFF7F0FA21
:10A8100000287FF44FAF4FF08053C9F8043DBFF3D9
:10A820004F8FBFF36F8F45E70022EAE75B4502D900
:10A8300000283FF479AF391D3068FEF78FF939E70A
:10A840003068FEF78BF935E7DBF81800CBF810B06D
:10A850003B189A45CBF8043023D3AAEB070A50459E
:10A860002AD8236873B1CDE9057B00270497FFF749
:10A87000B1FC3B463A4604A92068FEF78DFA002851
:10A880007FF414AF4FF0500372B683F31188BFF317
:10A890006F8FBFF34F8F62B6FEE7384600F0FEFAC7
:10A8A00008E741463068FEF759F9FFE60E4B391DBF
:10A8B0001868FEF753F9FDE60B4B41461868FEF7A2
:10A8C0004DF9F3E64FF0500372B683F31188BFF3EE
:10A8D0006F8FBFF34F8F62B6FEE700BF946C01200D
:10A8E000846C01208C6C0120906C0120F0B5244C0C
:10A8F00089B000F0C7F8256845B300F0E9F823688F
:10A90000CBB1002407AA06A905A80225CDE9054474
:10A91000FEF7F6F82346079A0095DDE90501CDE933
:10A92000011018491848FFF711F8184B186010B1BA
:10A93000012009B0F0BD4FF0500372B683F31188C7
:10A94000BFF36F8FBFF34F8F62B6FEE7104F114E0C
:10A950003846FEF7E5F83046FEF7E2F80E4A009575
:10A96000102117600A200D4A0D4B16600D4AFEF7A4
:10A9700059F920600028C0D00B49FEF7F3FDBCE771
:10A980008C6C012098BB00084DA60008886C012043
:10A99000AC6C0120986C0120946C0120906C01201B
:10A9A000946B0120E46B012090BB0008084800680C
:10A9B000006880F308884FF0000080F3148862B6C6
:10A9C00061B6BFF34F8FBFF36F8F00DF00BF000092
:10A9D00008ED00E0DFF80C00016841F4700101604F
:10A9E0007047000088ED00E0104B82B000221B6829
:10A9F000019201330AD04FF0500372B683F31188ED
:10AA0000BFF36F8FBFF34F8F62B6FEE74FF0500377
:10AA100072B683F31188BFF36F8FBFF34F8F62B6A7
:10AA2000019B002BFCD002B0704700BF0C0001203E
:10AA3000034621F00101094810B44FF0807443F837
:10AA40000C0C43F8202CA3F1440043E902146FF0EE
:10AA500002015DF8044B43F8241C7047E9A9000883
:10AA6000074B19680868B0E8F04F80F30988BFF316
:10AA70006F8F4FF0000080F311887047AFF30080B4
:10AA8000906B01204FF0500372B683F31188BFF32F
:10AA90006F8FBFF34F8F62B60C4A13680133012BDF
:10AAA000136000D070474FF0E023D3F8043DDBB2D1
:10AAB000002BF7D04FF0500372B683F31188BFF329
:10AAC0006F8FBFF34F8F62B6FEE700BF0C0001200F
:10AAD000094A136853B94FF0500372B683F31188D3
:10AAE000BFF36F8FBFF34F8F62B6FEE7013B13607A
:10AAF0000BB983F3118870470C000120000000009F
:10AB0000EFF30980BFF36F8F154B1A681EF0100F1B
:10AB100008BF20ED108A20E9F04F10602DE90900F0
:10AB20004FF0500072B680F31188BFF34F8FBFF320
:10AB30006F8F62B6FFF7C8F94FF0000080F31188FD
:10AB400009BC19680868B0E8F04F1EF0100F08BF84
:10AB5000B0EC108A80F30988BFF36F8F704700BF95
:10AB6000906B012008B54FF0500372B683F3118843
:10AB7000BFF36F8FBFF34F8F62B6FEF7F3FF28B1BD
:10AB80004FF0E0234FF08052C3F8042D002383F3ED
:10AB9000118808BD4FF0E0220023064813610649E2
:10ABA000936103680720A1FB03139B09013B5361D9
:10ABB0001061704700000120D34D62103D4B4FF0F3
:10ABC000FF0C3D483D4970B51A7884B0D2B202926C
:10ABD000072283F800C01B780260DBB28DF80730D3
:10ABE0009DF807309DF8072003F0500312060B7004
:10ABF0000FD506229DF807301146013A5B00DBB203
:10AC00008DF807309DF807301B06F3D403290BD0CD
:10AC100001604FF0500372B683F31188BFF36F8F5A
:10AC2000BFF34F8F62B6FEE7029B4FF0E0244FF474
:10AC30004071204ADBB2224E016000251370D4F827
:10AC4000203D43F47003C4F8203DD4F8203D43F088
:10AC50007043C4F8203DFFF79DFF3560FFF7BAFE53
:10AC6000D4F8343F43F04043C4F8343FFFF79EFE2E
:10AC7000FFF72AF93368039501330AD04FF05003E8
:10AC800072B683F31188BFF36F8FBFF34F8F62B635
:10AC9000FEE74FF0500372B683F31188BFF36F8F56
:10ACA000BFF34F8F62B6039B002BFCD0002004B093
:10ACB00070BD00BF00E400E0C06C0120C46C012046
:10ACC0000C000120EFF305830F2B10D91349144A10
:10ACD0005B5C12789A420AD94FF0500372B683F344
:10ACE0001188BFF36F8FBFF34F8F62B6FEE74FF04F
:10ACF000E0230C4AD3F80C3D126803F4E06393425E
:10AD00000AD94FF0500372B683F31188BFF36F8FE7
:10AD1000BFF34F8F62B6FEE7704700BFF0E300E07D
:10AD2000C46C0120C06C01202DE9F8430446FEF7F5
:10AD300003FF534A1568002D37D0524B1E6834422A
:10AD40002DD164B304F10800640702D020F007009D
:10AD5000083020B3DFF840E1DEF800C084451ED3A0
:10AD6000494C236803E01A6822B11C46134659680F
:10AD70008142F8D3AB4212D01A6822600A1A102A14
:10AD800049D91C1861072FD04FF0500372B683F3D6
:10AD90001188BFF36F8FBFF34F8F62B6FEE70024B9
:10ADA000FFF726F82046BDE8F883384B4FF0004007
:10ADB000354E5D07364D18BF073325F0070518BF20
:10ADC00023F0070315600022336019467260EB1A06
:10ADD0000646C5E900222F4A13602F4AC1E90053F5
:10ADE0001360284B1860AAE76260274A586017462C
:10ADF00012689442FBD87968D4F8048007EB010903
:10AE00004C4526D004EB08018A422CD00146226032
:10AE1000A74218BF3C601F48ACEB010231430468F5
:10AE2000CEF80020A24203F1080438BF02600022DD
:10AE3000C3E90021FEF7DCFF6307B3D04FF05003F6
:10AE400072B683F31188BFF36F8FBFF34F8F62B673
:10AE5000FEE7884407EB0801C7F804808A4201D066
:10AE60005968D8E73C46AA4206D051681268414466
:10AE7000226061605968CBE759682260C8E700BF6B
:10AE8000D46C0120C86C0120D86C0120E06C01203A
:10AE9000D86C0220CC6C0120D06C0120F0B12D4A7E
:10AEA00050F8043C126813420DD050F8081CB1B1A0
:10AEB0004FF0500372B683F31188BFF36F8FBFF367
:10AEC0004F8F62B6FEE74FF0500372B683F31188DE
:10AED000BFF36F8FBFF34F8F62B6FEE7704723EA71
:10AEE000020330B583B040F8043CA0F1080401909F
:10AEF000FEF722FE184A0198136850F8041C0B4410
:10AF00001360164B1A461B689C42FBD8556802EB2F
:10AF1000050E74450DD004EB010C63450FD040F8CD
:10AF2000083CA24218BF146003B0BDE83040FEF7F1
:10AF30005FBF2944501851608342F5D11446084838
:10AF40000068834203D0D3E9000529446160206092
:10AF5000E7E700BFC86C0120D06C0120D86C01204D
:10AF6000D46C01200CB430B5174B0C1E1D689DB07D
:10AF700008DA8B232B604FF0FF301DB0BDE8304066
:10AF800002B070474FF40273ADF8143014BF04F1EF
:10AF9000FF332346049307934FF6FF730290069006
:10AFA000ADF81630209A21AB02A92846019300F093
:10AFB00009FA431CBCBF8B232B60002CDDD0029B05
:10AFC00000221A70D9E700BF1000012010B5013926
:10AFD0000244904201D1002005E0037811F8014FAE
:10AFE000A34201D0181B10BD0130F2E70244034612
:10AFF000934200D1704703F8011BF9E7294B1B6806
:10B00000834270B504464BD0C369ABB1DB686BB10A
:10B010000025E369DB68595900293BD10435802DAF
:10B02000F7D1E3692046D96800F078F8E369196838
:10B0300011B1204600F072F8616911B1204600F0AC
:10B040006DF8E16911B1204600F068F8216B11B18B
:10B05000204600F063F8616B11B1204600F05EF805
:10B06000A16B11B1204600F059F8A16C11B1204636
:10B0700000F054F8616C11B1204600F04FF8E16A1D
:10B0800011B1204600F04AF8236A4BB12046BDE8D2
:10B09000704018470E68204600F040F83146BBE784
:10B0A00070BD00BF10000120014B1868704700BF41
:10B0B0001000012070B50D4D0D4C641BA41000262E
:10B0C000A64209D10B4D0C4C00F066FC641BA41089
:10B0D0000026A64205D170BD55F8043B98470136BD
:10B0E000EEE755F8043B98470136F2E7DCBB000871
:10B0F000DCBB0008DCBB0008E0BB00087047704701
:10B100000A44914200F1FF3300D1704710B511F8A5
:10B11000014B03F8014F9142F9D110BD38B50546F6
:10B12000002941D051F8043C0C1F002BB8BFE41893
:10B1300000F0E0F81D4A136833B9636014602846D4
:10B14000BDE8384000F0DCB8A34208D920682118D7
:10B150008B4201BF19685B6809182160EDE71A4648
:10B160005B680BB1A342FAD911685018A0420BD109
:10B1700020680144501883421160E0D118685B6870
:10B18000536008441060DAE702D90C232B60D6E73D
:10B19000206821188B4204BF19685B68636004BF94
:10B1A000091821605460CAE738BD00BF246E022030
:10B1B00070B50F4E0C463168054611B900F0A6FB7C
:10B1C00030602146284600F0A1FB431C03D14FF01C
:10B1D000FF34204670BDC41C24F00304A042F8D004
:10B1E000211A284600F092FB0130F2D1EFE700BFB0
:10B1F000206E02202DE9F843CD1C25F0030508350B
:10B200000C2D38BF0C25002D064601DBA94204D9C0
:10B210000C2333600020BDE8F883DFF8D48000F011
:10B2200069F8D8F800301C4644BB29463046FFF781
:10B23000BFFF431C044658D1D8F800402746002FD2
:10B2400043D1002C4BD023683946304604EB030928
:10B2500000F05CFB814542D121686D1A29463046D9
:10B26000FFF7A6FF01303AD023682B442360D8F8BB
:10B2700000305A6862BBC8F800700FE02268521BA9
:10B2800020D40B2A17D96119A342256018BF596031
:10B29000636808BFC8F8001062514B60304600F088
:10B2A0002FF804F10B00231D20F00700C21A1CBF69
:10B2B0001B1AA350AFE76268A3420CBFC8F8002076
:10B2C0005A60EBE723466468AEE73C467F68B6E722
:10B2D0001A465B68A342FBD100235360DEE70C23D0
:10B2E0003360304600F00CF894E70560D6E700BF05
:10B2F000246E02200148FFF701BF00BF1C6E022030
:10B300000148FFF7FCBE00BF1C6E02202DE9F0478C
:10B310008E681F46BE420B6882460C4690462DD86A
:10B32000B1F90C2012F4906F26D06569096905EB1C
:10B330004505A3EB010905EBD5757B1C4B446D104E
:10B340009D4238BF1D46530527D52946FFF752FFBA
:10B35000064660B321694A46FFF7D2FEA38923F46B
:10B36000906343F08003A381266165614E44A5EBA1
:10B3700009052660A5603E46BE4200D93E462068CB
:10B380003246414600F0A8FAA3689B1BA3602368DD
:10B39000334423600020BDE8F0872A4600F0C6FA57
:10B3A00006460028E0D121695046FFF7B7FE0C237E
:10B3B000CAF80030A38943F04003A3814FF0FF3067
:10B3C000E9E700002DE9F04F98468B891B069DB0F8
:10B3D00007460D46144610D50B6973B94021FFF797
:10B3E00009FF2860286130B90C233B604FF0FF3023
:10B3F0001DB0BDE8F08F40236B610023099320232B
:10B400008DF82930CDF80C803023DFF89C818DF841
:10B410002A304FF0010923469A4613F8012B0AB14E
:10B42000252AF9D1BAEB040B0BD05B4622462946FC
:10B430003846FFF76BFF013000F0A780099A5A44A5
:10B4400009929AF80030002B00F09F8000234FF003
:10B45000FF32CDE905230AF1010A049307938DF821
:10B4600053301A935446052214F8011B4E48F4F742
:10B47000CFFE049AD8B9D00644BF20238DF85330AC
:10B48000110744BF2B238DF853309AF800302A2B34
:10B4900015D0079A544600204FF00A0C214611F8A7
:10B4A000013B303B092B4BD9B0B1079214E0A0EB24
:10B4B000080309FA03F313430493A246D2E7039B5C
:10B4C000191D1B680391002BBBBF5B4242F00202B7
:10B4D00007930793B8BF049223782E2B0AD1637881
:10B4E0002A2B32D1039B1A1D1B68039243EAE37394
:10B4F00002340593DFF8C0A0217803225046F4F708
:10B5000087FE38B1049BA0EB0A004022824013431F
:10B510000134049314F8011B24488DF828100622E6
:10B52000F4F776FE002836D0214B1BBB039B073374
:10B5300023F0070308330393099B334409936AE715
:10B540000CFB02320C460120A8E7002301340593CE
:10B5500019464FF00A0C204610F8012B303A092A00
:10B5600003D9002BC6D00591C4E70CFB012104468A
:10B570000123F0E703AB00932A460E4B04A938469B
:10B58000AFF30080421C0646D6D1AB895B063FF57F
:10B590002DAF09982CE703AB00932A46054B04A96D
:10B5A000384600F079F8EDE7A0BB0008AABB000818
:10B5B000000000000DB30008A6BB00082DE9F0470D
:10B5C000164698468A680B69DDF820909342B8BF0A
:10B5D0001346336091F8432007460C460AB1013305
:10B5E00033602368990642BF3368023333602568AD
:10B5F00015F0060506D104F1190AE36832689B1AB2
:10B60000AB4226DC94F843302268003B18BF01238C
:10B6100092062BD404F1430241463846C847013014
:10B620001ED02368226903F00603042B02BFE568DD
:10B630003368ED1AA3680CBF25EAE575002593422F
:10B64000C4BF9B1AED1800261A34B5421AD1002047
:10B6500008E00123524641463846C847013003D12D
:10B660004FF0FF30BDE8F0870135C6E7E1185A1CFE
:10B67000302081F84300224494F8451082F84310AA
:10B680000233C7E70123224641463846C847013006
:10B69000E6D00136D9E700002DE9FF470F7E0C9E6A
:10B6A000782F914680460C469A4601F1430207D80E
:10B6B000622F0AD8002F00F0D280582F00F0B980F6
:10B6C00004F1420684F842703AE0A7F16303152BB7
:10B6D000F6D801A151F823F031B7000845B70008AA
:10B6E000C1B60008C1B60008C1B60008C1B600085E
:10B6F00045B70008C1B60008C1B60008C1B60008C9
:10B70000C1B6000845B800086FB70008FFB70008C9
:10B71000C1B60008C1B6000867B80008C1B6000885
:10B720006FB70008C1B60008C1B6000807B8000826
:10B7300033681A1D1B68326004F1420684F84230F7
:10B7400001239DE033682068191D3160060601D58C
:10B750001D6803E04506FBD5B3F90050002D03DA60
:10B760002D236D4284F8433059480A2311E02168A3
:10B770003368080653F8045B02D4490648BFADB2EB
:10B780006F2F5348336014BF0A230823002184F825
:10B7900043106668A660002EA2BF216821F0040154
:10B7A00021600DB9002E4BD01646B5FBF3F103FB1B
:10B7B0001157C75D06F8017D2F46BB420D46F4D9EF
:10B7C000082B0BD12368DF0708D5236961689942EC
:10B7D000DEBF302306F8013C06F1FF36921B2261E2
:10B7E000CDF800A04B4603AA21464046FFF7E6FEEF
:10B7F00001304AD14FF0FF3004B0BDE8F087236834
:10B8000043F0200323603348782784F84570236889
:10B8100031681F0651F8045B02D45F0648BFADB221
:10B820003160D90744BF43F0200323601DB11023CA
:10B83000ACE72748E9E7236823F020032360F6E715
:10B840001646BDE7336825686169181D30602E060D
:10B850001B6801D5196002E06806FBD5198000233A
:10B8600023611646BCE733681A1D32601E686268A1
:10B8700000213046F4F7CCFC08B1801B606063689F
:10B880002361002384F84330AAE7236932464946FE
:10B890004046D0470130ADD023689B0713D4E06801
:10B8A000039B9842B8BF1846A6E701233246494693
:10B8B0004046D04701309DD00135E36803995B1ABB
:10B8C000AB42F2DCEBE7002504F11906F5E700BF17
:10B8D000B1BB0008C2BB0008884210B501EB0204EE
:10B8E00002D98442234607D8431EA14208D011F84A
:10B8F000012B03F8012FF8E7024401468A4200D1E8
:10B9000010BD13F8014D02F8014DF7E738B5064DAB
:10B910000023044608462B60F9F73EF8431C02D189
:10B920002B6803B1236038BD186E02202DE9F04169
:10B93000804615460C4621B9BDE8F0411146FFF797
:10B9400059BC2AB9FFF7EAFB00242046BDE8F08184
:10B9500000F01AF88542064602D8B5EB500FF4D82D
:10B9600029464046FFF746FC07460028ECD0B54282
:10B970002A46214628BF3246FFF7C2FB21464046F1
:10B98000FFF7CCFB3C46E0E751F8043C181F002BC6
:10B99000BCBF0B58C0187047F8B500BFF8BC08BC56
:10B9A0009E467047F8B500BFF8BC08BC9E4670477D
:10B9B0002003012040010120880201200400000032
:10B9C0000004024000080000000C0240008000005B
:10B9D0000014024000100000000000000000000001
:10B9E000000402400100000000040240800000004A
:10B9F000000402400040000000100240000400006B
:10BA00000010024000100000001002400080000002
:10BA10000101000040420F00DC000002200091D331
:10BA2000010000000A00000000000100000000000A
:10BA300064656661756C745461736B0030BA00089C
:10BA400000000000000000000000000000000000F6
:10BA500000020000080000000000000000000000DC
:10BA60006964656E746974790000000060BA00084A
:10BA700002000000CD0D0008190E0008D50D0008C9
:10BA8000150E0008554152545F52583D256C7520E3
:10BA900054585F4652414D45533D256C75205258D0
:10BAA0005F4F4B3D256C75204352433D256C7520FF
:10BAB00053594E435F4C4F53533D256C7520444DB5
:10BAC000415F4F56523D256C7520515F4F56523D98
:10BAD000256C7520554152545F4F56523D256C756B
:10BAE000205345515F4741503D256C7520524553C9
:10BAF000594E433D256C75204C494E453D256C758E
:10BB00002050484153453D256C752044524F503DCF
:10BB1000256C750D0A00000046696C655472616EF3
:10BB200073706F72740000004D616E6368657374AA
:10BB300065725278000000004D616E636865737431
:10BB400065725478000000005561727400000000B6
:10BB50004170706C69636174696F6E0044696167FC
:10BB60006E6F7374696373000000000001020304C8
:10BB7000000000000000000001020304060708099D
:10BB8000000610160006101649444C45000000003F
:10BB9000546D725100000000546D722053766300A2
:10BBA000232D302B2000686C4C00656667454647A6
:10BBB0000030313233343536373839414243444529
:10BBC0004600303132333435363738396162636498
:04BBD00065660000A6
:08BBD4003C46FF7F0100000068
:04BBDC00F501000867
:04BBE000D101000887
:10BBE4000024F4000100000010000000AAAAAAAA80
:10BBF4001400012000000000E06C0220486D0220C7
:10BC0400B06D0220000000000000000000000000F1
:10BC14000000000000000000000000000000000020
:10BC24000000000000000000000000000000000010
:10BC34000000000000000000000000000000000000
:0400000508004D4161
:00000001FF
