:020000040800F2
:1000000000000820553B0008993A00089D3A000876
:10001000A13A0008A53A0008A93A0008000000002B
:10002000000000000000000000000000919D00089A
:10003000AD3A000800000000319E0008959E0008BF
:10004000A53B0008A53B0008A53B0008A53B000810
:10005000A53B0008A53B0008A53B0008A53B000800
:10006000A53B0008A53B0008A53B0008A53B0008F0
:10007000B13A0008A53B0008BD3A0008A53B0008BE
:10008000A53B0008A53B0008A53B0008A53B0008D0
:10009000A53B0008A53B0008A53B0008A53B0008C0
:1000A000A53B0008A53B0008A53B0008A53B0008B0
:1000B000A53B0008A53B0008A53B0008A53B0008A0
:1000C000A53B0008A53B0008A53B0008A53B000890
:1000D000A53B0008A53B0008A53B0008C93A00085D
:1000E000A53B0008A53B0008A53B0008A53B000870
:1000F000A53B0008A53B0008A53B0008A53B000860
:10010000A53B0008A53B0008A53B0008A53B00084F
:10011000A53B0008A53B0008D53A0008A53B000810
:10012000E13A0008A53B0008A53B0008A53B0008F4
:10013000A53B0008A53B0008A53B0008A53B00081F
:10014000A53B0008A53B0008A53B0008A53B00080F
:10015000ED3A0008A53B0008A53B0008A53B0008B8
:10016000A53B0008A53B0008A53B0008A53B0008EF
:10017000A53B0008A53B0008A53B000800000000C7
:10018000A53B0008A53B0008A53B0008A53B0008CF
:10019000A53B0008A53B0008A53B0008A53B0008BF
:1001A000A53B0008A53B0008A53B0008A53B0008AF
:1001B000A53B0008A53B0008A53B0008A53B00089F
:1001C000A53B0008A53B000800000000A53B000877
:1001D000A53B0008A53B0008A53B0008A53B00087F
:1001E000A53B0008A53B0008A53B0008A53B00086F
:0801F000A53B0008A53B000837
:1002000010B5054C237833B9044B13B10448AFF350
:1002100000800123237010BD600002200000000058
:10022000A8AC000808B5034B1BB103490348AFF362
:10023000008008BD0000000064000220A8AC000897
:1002400001F0FF01102A2BDB10F0070F08D010F887
:10025000013B013A8B422DD010F0070F42B3F6D18B
:10026000F0B441EA012141EA014122F007047FF0A4
:1002700000070023F0E80256083C85EA010586EAFB
:10028000010685FA47F5A3FA87F586FA47F6A5FA37
:1002900087F68EB9EED1F0BC01F0FF0102F0070243
:1002A00032B110F8013B013A83EA010313B1F8D1EE
:1002B0000020704701387047002D06BF35460338CF
:1002C000073815F0010F07D1013015F4807F02BF08
:1002D000013015F4C03F0130F0BC0138704700BF59
:1002E00053B94AB9002908BF00281CBF4FF0FF319D
:1002F0004FF0FF3000F06AB9ADF1080C6DE904CEA3
:1003000000F006F8DDF804E0DDE9022304B07047F0
:100310002DE9F047089D0C46002B4ED194468C45A4
:100320008646B2FA82F262D94AB1C2F12003914004
:1003300020FA03F30CFA02FC194300FA02FE4FEA1A
:100340001C471FFA8CF6B1FBF7F44FEA1E4307FB7C
:10035000141143EA014304FB06F199420AD91CEB4C
:10036000030304F1FF3080F01281994240F20F81C3
:10037000023C6344591A1FFA8EF3B1FBF7F007FBF6
:10038000101143EA014300FB06F69E420AD91CEB1A
:10039000030300F1FF3180F0FC809E4240F2F980BF
:1003A000634402389B1B40EA044000211DB1D34046
:1003B0000022C5E90032BDE8F0878B4205D90DB1B6
:1003C000C5E9000100210846F5E7B3FA83F10029E9
:1003D00046D1A34202D39042C0F0F080861A64EB6B
:1003E00003030120002DE6D0C5E90063E3E7002AFE
:1003F00040F09080A1EB0C044FEA1C481FFA8CF7E8
:100400000121B4FBF8F64FEA1E4308FB164443EA09
:10041000044307FB06F0984208D91CEB030306F1DE
:10042000FF3402D2984200F2CD8026461C1A1FFAF1
:100430008EF3B4FBF8F008FB104443EA044300FBDE
:1004400007F79F4208D91CEB030300F1FF3402D2E7
:100450009F4200F2B0802046DB1B40EA0640A5E741
:10046000C1F120068B4022FA06F71F4320FA06FC52
:1004700004FA01F343EA0C03F44000FA01F8380CE3
:100480004FEA1349B4FBF0FE1FFA87FC00FB1E4441
:1004900049EA04440EFB0CF9A14502FA01F20AD91B
:1004A0003C190EF1FF3A80F08480A14540F2818032
:1004B000AEF1020E3C44A4EB09041FFA83F9B4FB2D
:1004C000F0F300FB134449EA044403FB0CFCA4458D
:1004D00007D93C1903F1FF3067D2A44565D9023B27
:1004E0003C4443EA0E40A0FB0293A4EB0C049C4264
:1004F000CE469C4651D34ED055B1B8EB0E0364EBBB
:100500000C0404FA06F6CB401E43CC40C5E9006457
:10051000002150E7C2F1200320FA03F10CFA02FC9B
:1005200024FA03F394400C434FEA1C4800FA02FEFD
:100530001FFA8CF7B3FBF8F008FB1031230C43EAE9
:10054000014300FB07F1994208D91CEB030300F1BA
:10055000FF362CD299422AD9023863445B1AA4B2DE
:10056000B3FBF8F108FB113344EA034401FB07F342
:10057000A34208D91CEB040401F1FF3613D2A342B5
:1005800011D902396444E41A41EA004139E70446CA
:10059000F0E6084606E7C845AED2B9EB020E63EBBB
:1005A000070C0138A8E73146EDE7034699E73046E6
:1005B000D4E7D6467FE7634402384DE70646234634
:1005C00008460FE7023E634430E700BF704700BFB4
:1005D00008B5012007F016FBFBE700BF0000000094
:1005E00010B596B034220021042408A809F086FE34
:1005F0000023CDE90333CDE90533079303F0B6FFBC
:100600002D4A08A82D4B116C41F080511164126CD9
:1006100002F080520192019A1A6842F440421A6034
:100620001B6803F4404302930223029A4FF48002B2
:100630000E931493D8239FED1E7BCDE90F241193C5
:10064000022209238DED087BCDE9122303F0D0FFB0
:10065000A8B903F093FFD8B90F21022300244FF467
:10066000A05203A8CDE903134FF480530721CDE92D
:100670000542079304F0B2F980B916B010BD01220B
:1006800021460F4803F064FF03F078FF0028E3D011
:10069000012204210A4803F05BFFDDE70122042167
:1006A000074803F055FF16B010BD00BFAFF3008040
:1006B000010000000000050000380240007000400A
:1006C0000018024080B5A2B0BFF34F8FBFF36F8F09
:1006D000BD480022C0F85022BFF34F8FBFF36F8F89
:1006E000436943F400334361BFF34F8FBFF36F8F10
:1006F000C0F88420BFF34F8FD0F8804043F6E075F8
:10070000C4F34E3CC4F3C9044FEA4C1C0CEA050187
:10071000234641EA8372013B5E1CC0F86022F8D197
:10072000ACF1200C1CF1200FF0D1BFF34F8F4369C7
:1007300043F480334361BFF34F8FBFF36F8FA34DFB
:10074000002403F031FA0126FFF74AFF1A9444F21D
:10075000810122469E484427CDE91644CDE918443C
:100760002B6B43F004032B632B6B03F00403029306
:10077000029B2B6B43F080032B632B6B03F08003F6
:100780000393039B2B6B43F001032B632B6B03F051
:1007900001030493049B2B6B43F002032B632B6B2D
:1007A00003F002030593059B2B6B43F020032B639F
:1007B0002B6B03F020030693069B2B6B43F0100377
:1007C0002B632B6B03F010030793079B2B6B43F0FA
:1007D00008032B632B6B03F008030893089B2B6B18
:1007E00043F040032B632B6B03F040030993099BF9
:1007F00003F0AEFE22464FF48041764803F0A8FE97
:1008000022464FF42851744803F0A2FE22464421A8
:10081000724803F09DFE4FF400524FF4881316A95E
:100820006F481894CDE9162303F08EFC44F281033F
:1008300016A9674816931994CDE9176403F084FC50
:100840004FF4804316A9634816931994CDE91764B1
:1008500003F07AFC4FF4007316A95F481693032344
:10086000CDE91764199303F06FFC4FF4205316A9D8
:10087000594816931994CDE9176403F065FC16A93D
:100880005648CDE91676CDE9184403F05DFC802288
:10089000002316A951481894CDE9162303F054FCFF
:1008A0002B6B2246072143F480030C202B632B6B18
:1008B00003F480030093009B2B6B43F400132B6322
:1008C0002B6B03F400130193019B03F09DF90C20A3
:1008D00003F0D6F9224607210E2003F095F90E20E9
:1008E00003F0CEF922460621382003F08DF9382096
:1008F00003F0C6F922460621384603F085F938464A
:1009000003F0BEF93748384B046103604FF4E1232C
:10091000846143600C2344624361C0E90244C0E93E
:10092000074406F033FF002840F0D0802F484FF4F2
:10093000806200232E4982604FF40072436082611E
:100940000722036101604FF4E06143610362C26208
:100950000022C160C0E909330023C0E90C2304F080
:1009600035FF002840F0EE800023224822496B2208
:100970000E938361CDE91633CDE91833C0E9001336
:10098000C0E90232C0E90433CDE90F3305F08AFA39
:10099000002840F0D1804FF4805316A915481693D3
:1009A00005F0B8FE002840F0C1800020002100239F
:1009B000CDE90E010EA90F48109306F009F80028A2
:1009C00040F0AE801AE000BF00ED00E000380240C9
:1009D00000040240001402400010024000180240CF
:1009E0000008024040010220004800402803022085
:1009F00000300140780202200000014000242C2237
:100A000016A821460A941494CDE90E44CDE9104469
:100A1000CDE91244CDE90B4409F070FC4C484D4B34
:100A2000846103600F23C0E90144C0E90444C3604A
:100A300005F02CFB00286DD1002300220AA94448B0
:100A4000CDE90A2300230C9305F0C2FF00285BD1F7
:100A500000226023002400250EA93D480E93119228
:100A60001492CDE90F22CDE9124505F0BDFC002816
:100A700044D100234FF400524FF00074002516A912
:100A800033482093CDE91633CDE91833CDE91A3236
:100A9000CDE91C33CDE91E4505F0F4FF40BB2C48E1
:100AA00002F0EAFE2C492D4802F0DEFAD0B106F041
:100AB00013FF2B4A00212B4806F066FF2A4B1860D3
:100AC00002F05AFC40B106F023FFFEE73246042153
:100AD000264803F03DFD29E701220421234803F0C5
:100AE00037FDF0E701220421204803F031FDDEE765
:100AF000012204211D4803F02BFDD0E7012204212F
:100B00001A4803F025FDB4E701220421174803F039
:100B10001FFD9DE701220421144803F019FD8BE716
:100B200001220421114803F013FD67E7012204218B
:100B30000E4803F00DFD38E7012204210B4803F0B5
:100B400007FD28E701220421084803F001FD0BE717
:100B500028020220000401400CAD0008C0AC0008CF
:100B600034AD0008D10500087C00022000180240C6
:100B7000034B02689A4200D0704703F021B800BFCF
:100B80000010004001220421014803F0E1BC00BF35
:100B90000018024010B4034600240846D11D9C6092
:100BA000C3E90002CA0821465DF8044B09F0A6BB60
:100BB0000246D0E90103984240F2918030B4CC095A
:100BC0000FD04FEAD30CDB431468012003F0070376
:100BD00000FA03F314F80C00034304F80C30D2E9D4
:100BE000010301338342936076D24D060CD5DC08B5
:100BF000DB431568012003F0070300FA03F3285DC7
:100C000003432B55D2E9010301338342936063D23E
:100C10008C060CD5DC08DB431568012003F00703C4
:100C200000FA03F3285D03432B55D2E90103013396
:100C30008342936050D2CD060CD5DC08DB431568A7
:100C4000012003F0070300FA03F3285D03432B554B
:100C5000D2E901030133834293603DD20C070CD5E6
:100C6000DC08DB431568012003F0070300FA03F3F7
:100C7000285D03432B55D2E901030133834293607E
:100C80002AD24D072DD401338342936024D28C079E
:100C90000CD5DC08DB431568012003F0070300FADC
:100CA00003F3285D03432B55D2E901030133984236
:100CB000936011D9C9070AD5D8431468DB0801210C
:100CC00000F007008140E05C0143E1549368013388
:100CD000012030BC93607047002030BC704700207A
:100CE0007047DC08DB431568012003F0070300FAB6
:100CF00003F3285D03432B55D2E90103C3E700BF8B
:100D0000CB08C943C05C01F00701084100F00100B5
:100D1000704700BF00293FD000F1FF3C4FF6FF7045
:100D200000B5614441F2210E1CF8013F80EA032026
:100D3000430002049BB248BF83EA0E035A00180422
:100D400092B248BF82EA0E02530012049BB248BF1F
:100D500083EA0E035A00180492B248BF82EA0E02D8
:100D6000530012049BB248BF83EA0E035A001804D2
:100D700092B248BF82EA0E02530012049BB248BFEF
:100D800083EA0E0358001B0480B248BF80EA0E00BD
:100D90006145C9D15DF804FB4FF6FF70704700BF95
:100DA00000230380704700BF00B501F0010190F8F7
:100DB00000C04FF0000E41EA4C0190F801C00CF168
:100DC000010CC9B25FFA8CFC0170BCF1080F80F80D
:100DD00001C082F800E004D1197001231370A0F85B
:100DE00000E001205DF804FBC00070478AB10A44AE
:100DF00070B51E464C1E551E01E0AC4207D014F8DB
:100E0000011F3046FFF7D4FE0028F6D170BD012047
:100E100070BD0120704700BF0048704764AD0008F6
:100E20000020704700285DD02DE9F0470D46C6B080
:100E3000002953D01646002A50D01F46002B4DD013
:100E40004E9B002B4AD0509B509AB3FA83F35B0918
:100E5000002A43D0B1F80290B9F5807F3ED80A78D5
:100E6000044609F106080DF1140A62F307034A78F3
:100E700062F30F234FEA192262F3174369F31F63EA
:100E80000493B9F1000F4BD109F1040104A8FFF755
:100E900041FF6B88257B020A02350AF803200DF119
:100EA0001502ED00D0544046736998474F9B0544A6
:100EB0009D4213D81A464E9901A8FFF76BFE237B7B
:100EC00093B1002502E0227B9A420DD901355521CC
:100ED00001A8FFF76DFEEBB20028F4D1002046B068
:100EE000BDE8F08700207047E18901A8090AFFF7F3
:100EF0005FFE0028F2D0A17B01A8FFF759FE002871
:100F0000ECD03846B3689847F468424604A938469E
:100F100001ABA0470028E1D0039B509A1360DEE7A5
:100F20004A460431504609F073FAADE702F0E8BAD8
:100F300002F006BB02F024BB02F042BB02F088BB09
:100F400002F09CBB2DE9F04F83B09B4606460D4650
:100F50000E9C109B002C18BF00289DF83010BDF887
:100F600034700CBF4FF0010A4FF0000A002B14BF81
:100F700050464AF0010068BB6B0001930F9BB3EB36
:100F8000450F24D3002D53D04FEA074832B301F068
:100F900001090434824651463046FFF7B1FE89F01C
:100FA000010110B10846494681468B450CBF4046B9
:100FB0003846CB450AF1010A44F8040C33D05545B4
:100FC00044F8087BE7D1109B0120019A1A6003B016
:100FD000BDE8F08F002003B0BDE8F08F914604F12A
:100FE000040A49463046FFF78BFE002813BF012252
:100FF00000224FF0010C4FF0000CDC4514BF3846C6
:101000004046934544F8390006D14AF8398009F141
:101010000109A945E5D1D6E74AF8397009F1010976
:101020004D45DED1CFE7554544F8088BB3D1CAE72B
:101030000195C8E72DE9F043B1F8AC700C460646BF
:1010400001F1AA0097FA97F8C3B01FFA88F909F1DD
:10105000040189B2631893F8AA2093F8AB5045EACB
:101060000225FFF757FE854220D006F58055D5F8BA
:10107000583895F85C18002B58D0DA680132DA60DD
:1010800029B91A6901210A4485F85C181A610023FC
:1010900004F5DA706371D5F84C28C4F8B031A4F8BF
:1010A000A830936843B0BDE8F0431847B4F8AA30BD
:1010B000ADF80680ADF80430002F3DD106F580551F
:1010C000D5F8583813B19A6801329A60D5F850387B
:1010D0001BB101A9D5F8540898470024D5F84C381D
:1010E00041F216609B683044A5F8624485F8654477
:1010F00085F86744C5F81246A5F80A459847D5F81B
:101100004C3841F60A0001229B68304485F8594664
:1011100085F85B46A5F85626C5F80648A5F8FE46AC
:10112000984785F8424443B0BDE8F0830029AED12A
:10113000012385F85C38AAE74A4604F1AE0102A80B
:1011400009F066F9BAE700BF41F262432DE9F041C8
:1011500003440C4689780546B4EB030E4FF00000BB
:1011600082B018BF4FF0010E9142607000F0958080
:101170002878002855D0E378002B00F0C780237929
:101180002271591AB1FA81F14909874850F82E2085
:10119000013240F82E206379002B49D1B4F8A830F1
:1011A0003BB9A6E092F85530A4F8A830002B00F027
:1011B000A080E21892F806C08C45F3D17B4E36F839
:1011C0001E0080B2984201D226F81E3092798A42DF
:1011D00000F09780B4F8A830B4F8A6209A421DD148
:1011E000234405F580560120002193F855206071B5
:1011F00004F5DA70D6F84C38C4F8B0119B68A4F83E
:10120000A820984796F85C382BB1D6F8583813B117
:101210005A6A01325A62002386F85C3802B0BDE88F
:10122000F081002908BF012A0CBF01210021ACE791
:10123000002305F5805604F5DA770DF106028DF8E6
:1012400006308DF807303846D6F84C38D3F8108081
:101250000DF10703C04700285ED09DF80630002B33
:10126000DCD0B4F8B031B3F5837F72D25A1C9DF84C
:101270000710234492B2042AA4F8B02183F8AA10DC
:1012800000F08180B4F8B231002BC7D09A42C5D1AA
:1012900021462846FFF7CEFEC0E7454A52F82E30D9
:1012A000013342F82E306379012B04D00023E37020
:1012B00002B0BDE8F08105F58056D6F8582896F8BA
:1012C0005C08002A54D0916A0131916220B91169F9
:1012D00086F85C3801311161002304F5DA7063711E
:1012E000D6F84C28C4F8B031A4F8A83093689847D1
:1012F000DCE72E4A32F81E20224692798A427FF499
:1013000069AF01339BB2A4F8A83065E701232271CD
:10131000E37002B0BDE8F081D6F8583896F85C1852
:101320005BB31A6B01321A6329B9012286F85C2873
:101330001A6901321A61002338466371D6F84C28C5
:10134000C4F8B031A4F8A8309368984702B0BDE85B
:10135000F08196F85C38002BEDD10122D6F8583890
:1013600086F85C28002BE6D01A6901321A61E2E7A0
:101370000028B1D186F85C38AEE70029DBD1012323
:1013800086F85C38D7E72A89B4F8AC30B2F5807FAC
:101390005BBA28BF4FF480729BB29342D9D8063310
:1013A000A4F8B2313AE700BF1C040220180402205E
:1013B00024040220002B18BF002900F017812DE91A
:1013C000F04F8246B1B078B115469846B44A0F4600
:1013D0004B6893420CD0B34A934209D0B24A93422D
:1013E00006D0B24A934203D0002031B0BDE8F08F5E
:1013F000B5EB830FF8D33B7B043B042BF4D83B7C49
:10140000042BF1D83B89013B9BB2FF2BECD8D8F8D9
:101410000430402BE8D84FF4C352002150465646C2
:1014200008F06CFFBC460AF580544FF00009BCE898
:101430000F000FC67B68CB469CE807004FEA430EBF
:10144000002386E80700CAE9075E72462804290CD3
:10145000FEF746FF3A9BCAF82400A646C4F858385F
:101460003B9BC4F84C88C4F850383C9B0097C4F8A8
:1014700054389AF810104D1CEDB26B0084F82934E2
:101480005346C2461A464FF000084B465FFA8BF4AB
:101490008BF0010746469146F01806F1010C002238
:1014A000C0B25FFA8CFC09EB0020CDE90183273044
:1014B000CDE9039A7DE0414500F2AC8089F0010955
:1014C0004FF000085FFA89FAC2F340194AEA430371
:1014D000CA45DBB200F08780414500F2B3808AF054
:1014E000010A4FF000085FFA8AF95B00C2F3001AA4
:1014F000DBB2D14549EA0303DBB200F08880414505
:1015000000F29A8089F0010A4FF000085FFA8AFA27
:101510005B00C2F3C009DBB2D1454AEA0303DBB288
:1015200072D0414500F282808AF001094FF0000834
:101530005FFA89F95B00C2F3800ADBB2D14549EA60
:101540000303DBB25DD041456AD889F0010A4FF050
:1015500000085FFA8AFA5B00C2F34009DBB2CA45B1
:101560004AEA0303DBB249D041457BD88AF001093E
:101570004FF000085FFA89F95B0002F0010ADBB264
:10158000D14549EA0303DBB235D0414560D889F043
:10159000010A4FF000085FFA8AFA01324AEA43036F
:1015A0000AFB0588B2F5807F00F8013F80F8008AC9
:1015B0005ED0C2F3C719D3114C4519D0B1424DD8F2
:1015C000B9463B464FF00008C2F3801ACA457FF483
:1015D00072AFC2F340194AEA43034FF00008CA450C
:1015E000DBB27FF479AF4FF000087EE70020704750
:1015F0004FF00008E8E74FF00008CEE74FF0000892
:10160000BAE74FF00008A6E74FF0000892E74FF066
:1016100000087DE708F10108CA465FFA88F853E739
:1016200008F10108CA465FFA88F894E708F1010852
:10163000D1465FFA88F87DE708F10108CA465FFAEB
:1016400088F865E708F10108D1465FFA88F84CE7A9
:1016500008F10108CA465FFA88F89EE75B46E04653
:10166000A146B1E708F10108D1465FFA88F883E79F
:10167000DDE90183DDE9039A08F101085FFA88F6E4
:10168000B142BFF409AF4A469946A94413465FFAEE
:1016900089F9BBF1000F0BD14FF0010BF2E600BF4F
:1016A00040420F0080841E00C0C62D0000093D008E
:1016B000009FD04692460022397B7446009241F248
:1016C000684E4A1EFB8901910AEB0E0CD2B241F220
:1016D000B747032A38BF03228A4228BF0A46012996
:1016E000C3F3003188BF91464FEAD3322191C3F34F
:1016F000C0211E92C3F380322291C3F380211F9236
:1017000098BF4FF001092391C3F34021C3F3403246
:101710002491C3F30021209209F1FF322591C3F3F4
:10172000C011D2B22691C3F3801101322791C3F3C5
:101730004011D2002891C3F300110D922991C3F3F7
:10174000C0012A91C3F380012B91C3F3400103F040
:1017500001032C912D93134601320E929A1C0F9285
:10176000DA1C10921A1D11925A1D12929A1D139290
:10177000DA1D149203F10802159203F10902169280
:1017800003F10A02179203F10B02189203F10C0203
:10179000199203F10D021A9203F10E021B9203F14A
:1017A00010020F331C921D93CDE92E84019B002B58
:1017B00000F0D0804FF00123B9F1010FCCE90033E4
:1017C00029D9B9F1020FCCE9023324D0B9F1030FC2
:1017D000CCE904331FD0B9F1040FCCE906331AD099
:1017E000B9F1050FCCE9083315D0B9F1060FCCE9F2
:1017F0000A3310D0B9F1070FCCE90C330BD0B9F193
:10180000080FCCE90E3306D0B9F1090FCCE910333B
:1018100018BFCCE91233DDE91A28DDE91C340C923B
:10182000199A0D9E0B92189A0292179A0A92169A7A
:101830000992159A0892149A0792139A0692129A8C
:101840000592119ADDE90E500492109A03920099C4
:101850004FF4FA7202FB01A11E9A0E440D44084493
:1018600006F80E200CF101061F9A05F80E20209AAA
:1018700000F80E20039A21980A4402F80E00049AF8
:1018800022980A4402F80E00059A23980A4402F8A6
:101890000E00069A24980A4402F80E00079A25982A
:1018A0000A4402F80E00089A26980A4402F80E002C
:1018B000099A27980A4402F80E000A9A28980A44BE
:1018C00002F80E00029A29980A4402F80E000B9AB8
:1018D0002A980A4402F80E000C9A2B980A4402F83F
:1018E0000E0001EB08022C9802F80E000A192D9840
:1018F00002F80E004FF00002ACF8A030023B8CF86A
:10190000502062469BB21E44002312F8015F13B9B7
:1019100015E0C35D9BB1C81810F80E40AC42F8D179
:10192000013396429BB282F85030EED1009B0CF509
:10193000FA7C6BBBCDF800B038E712F8015F9CF879
:101940000030AB4263D04FF00003964282F8503033
:10195000F3D1EBE70C220D210A2506201E460F24A9
:1019600010234FF00E08CDE90B210B220821029223
:101970000922CDE9092507220425CDE90721052201
:10198000CDE9052003220220CDE9032501255EE7EC
:10199000DDE92E84B4F80825002A3FF425ADB4F81B
:1019A000FC369A427FF420ADB3FA83F56D09002B23
:1019B0003FF41AAD41F21660D8F80830A4F862542A
:1019C000504484F8655484F86754C4F81256A4F857
:1019D0000A559847D4F84C38012241F60A009B6812
:1019E000504484F8595684F85B56A4F85626C4F837
:1019F0000658A4F8FE569847B4F80835002B3FF473
:101A0000F3ACB4F8FC06003818BF0120EDE4012364
:101A1000964282F8503089D012F8015F7BE700BF10
:101A2000002847D00022002341F2504170B500F554
:101A30008054064641F2304000253144304484F859
:101A4000285484F82A5484F82C54C0E9002306F55D
:101A5000A350A4F8415441E90223C1E90023D4F87A
:101A60004C1840E9022341F2166084F8605484F86F
:101A70005C588B683044A4F8625484F8655484F848
:101A80006754C4F81256A4F80A559847D4F84C384D
:101A9000012241F60A009B68304484F85956A4F8A4
:101AA000562684F85B56C4F80658A4F8FE56BDE8DE
:101AB00070401847704700BF002918BF002800F089
:101AC000E3842DE9F04F037C9BB00133DBB2179325
:101AD000002A00F03E83013A41F2304300F580597C
:101AE0008A1801394D4681461692C218C3588A4653
:101AF00012920B9341F26243C3180E9353680C93F6
:101B000095F82A341AF8012F002B00F03F8495F83D
:101B1000283409EB0323134495F8412493F8281A39
:101B200093F8283085F828140D93002A00F01A84C1
:101B300095F82B340D9ADB0143EA5203DBB282EABB
:101B4000030107910B9911F1080695F842140491CD
:101B500002F0010111910C9941F100049A4200F048
:101B60001F8495F8403441F250481594029309F5CA
:101B7000A253C8440A930E9B03F5DA73CDE913A66A
:101B80000893079B80220B99B3FA83F3029C183BBE
:101B9000DBB213EB010B22FA03F20C9B0D9943F11C
:101BA00000030A42D2B203934FEA034309924FEA79
:101BB0000B4243EA1B430592069314BF0123002303
:101BC0000293049B002B00F00B810A9A0320D9F8A2
:101BD000241052E90232A1FB0010120442EA13421F
:101BE0001B0413EB010A069942EB0006059A5245C5
:101BF000009671EB060380F21B83CDE9001B934630
:101C0000CDE90FA6D8E90072009B5F4572EB030394
:101C100042DA09F5A351D9F8243095F863C44FF09E
:101C2000000A51F8086C701C41F8080C51F8040CBB
:101C300040F10000DB1942F1000241F8040CC8F841
:101C40000030C8F80420BCF1000F66D106F0010294
:101C500095F86234E44508BF9A4204D1012385F81F
:101C6000644485F8633495F85736002B40F084823D
:101C700006F0010695F856269B4208BF9642C1D150
:101C8000012385F85846D8E9007285F857365F4534
:101C9000009B72EB0303BCDBDDE90FA6059BDDF8BF
:101CA00004B09A45069B76EB030380F29B8095F87F
:101CB0006734012B00F03F8395F85B36012B00F071
:101CC0003A830024D5F84C3841F2166085F8604418
:101CD00048449B6885F84244A5F8624485F8654409
:101CE00085F86744C5F81246A5F80A459847D5F81F
:101CF0004C38012241F60A009B68484485F8594651
:101D000085F85B46C5F80648A5F8FE46A5F85626B0
:101D1000984795F84234049364E095F8641485F884
:101D200063A4A14200F0188299F80030002B40F023
:101D3000BA81002908BF012C0CBF01210021064AED
:101D400095F86704136801331360002840F0B881E8
:101D5000B5F80A354BB91CE21C04022092F8B734DE
:101D6000A5F80A35002B00F01482EA1892F86804EE
:101D70008842F3D18A48028892B29A4200D2038004
:101D8000EA1892F868248A4200F00B82B5F80A3506
:101D9000B5F808259A427FF466AF2B4401220898D3
:101DA00093F8B73485F867240022A5F80A35D5F8EA
:101DB0004C389B68C5F81226984795F85C382BB1CB
:101DC000D5F8583813B15A6A01325A62002385F89F
:101DD0005C3895F84234002B7FF445AFDDF804B051
:101DE000002304936F4B1B782BB36F4A6F49136822
:101DF0000868BBEB03035268039C64EB02023F28B4
:101E00000FD80C68B3F5803F184604F101060E6048
:101E100072F10001664928BF4FF6FF7080B221F8C9
:101E20001400202B72F1000205D2624951F82320E0
:101E3000013241F823205C4B0126039AC3F800B01D
:101E40005A60D9F82440574B049A24FA06F71E70BA
:101E50000023002A00F02282D8F80020D8F80410CD
:101E60000192D21B0F9161F1000005998A1A06991F
:101E700061EB000096460028009004DAD2F1000ED3
:101E800060EB40010091E3184B4E4FF0AA3A43F14A
:101E90000003A6FB03C121F0010C0CEB510CA3EBDA
:101EA0000C03E31A0AFB03F164EB040406FB0411C0
:101EB000A3FB063673453144009B994180F29A8119
:101EC000D5F8582812B1D36A0133D36295F860343B
:101ED0000133DBB2052B85F8603443D995F85C38C3
:101EE00033B9012385F85C3812B1136901331361EA
:101EF000059B0024D5F84C2841F2166048F8083CB0
:101F0000FE18069B48449FED247B48F8043C43F1AF
:101F1000000109F5A35303ED027BC8E9006185F8D0
:101F20006044A5F86244936885F8654485F8674481
:101F3000C5F81246A5F80A459847D5F84C3801224D
:101F400085F859469B6885F85B46C5F80648A5F8AC
:101F5000FE46A5F8562641F60A004844984795F8EB
:101F6000423404930A9B039A43F808BC43F8042CB8
:101F7000029B099A85F84034079B934307937FF4AB
:101F800000AE049B159CDDE913A6002B00F0CD806C
:101F900014E000BFAFF3008000000000000000006C
:101FA000180402208C030220900302202C0402203B
:101FB0003004022098030220ABAAAAAA0A9B03219C
:101FC0004FEA044853E90272D9F8243048EA164827
:101FD0001204A3FB0131360442EA1742CDF8048013
:101FE0003F04B346FF1842EB0104B74274EB080309
:101FF00001DABB460194CDF80CB00123D346CDE9FC
:102000000468CDE90674002B00F08E8041F2504741
:1020100009F5A3584F44039B4846029A0E99D7E905
:1020200000C69C45019B76EB030380F2C381D9F87F
:10203000243058F8084C009314F1010E58F8043C71
:1020400004F0010A48F808EC43F1000E009B48F840
:1020500004EC13EB0C0346F100063B6095F8633487
:102060007E60002B5AD195F862249B4208BF9245AE
:1020700005D10123029A85F8633485F8642495F824
:10208000573604F00104002B40F0D48195F8562611
:102090009B4208BF9442BED1029B85F8583601236B
:1020A00085F85736B7E795F86534002B7ED095F85C
:1020B000663485F86644591AB1FA81F149093EE659
:1020C000D5F84C380DF1660208981F6900238DF889
:1020D00066308DF867300DF16703B84700286BD084
:1020E0009DF86630BBB1B5F81236B3F5837F80F04A
:1020F000C6805A1C9DF867102B4492B2042AA5F89A
:10210000122683F80C1500F00581B5F8143613B1CA
:102110009A4200F08A8195F842345CE6FFF714F8A1
:1021200095F84234002BAAD1DA46119B129A85F811
:102130002B34D2E9003208330B9342F100030C93A5
:10214000129B0B9A1A600C9A5A60169B9A457FF460
:10215000D7AC1BB0BDE8F08FC94A95F86714136877
:10216000012903F10103136068D095F8573685F80B
:1021700065A4002B3FF47CAD41F2566122464846EF
:102180004944FEF7E1FF95F84234002B7FF43AAD65
:1021900024E6BC4A1288EA1892F868248A427FF43E
:1021A000F5AD01339BB2A5F80A35F1E5012385F8B9
:1021B000664485F8653456E5D5F8583895F85C18C6
:1021C000002B00F0A0801A6B01321A6329B91A693A
:1021D0000121013285F85C181A610023089885F8FE
:1021E0006734C5F81236A5F80A35D5F84C389B681F
:1021F000984790E7002802DA073240F100000023F8
:10220000D208019985F8603442EA407258F8083CD7
:102210009B1848F8083C58F8043C43EBE0038F183F
:102220000F9A42EBE00048E90137C8F8040099E64C
:10223000CDF804B0D346CDE90FA6E3E4D5F858387D
:1022400095F85C08002B00F087809A6A01329A6248
:1022500020B91A6985F85C1801321A610027D5F88F
:102260004C38089885F86774C5F812769B68A5F80D
:102270000A75984795F8423485F86574ABE595F88A
:102280005C38002BA9D1012385F85C38D5F8583883
:10229000002BA2D01A6901321A619EE7059B41F218
:1022A000166085F84264FF1848F8083C069B4844CD
:1022B000D5F84C2848F8043C43F1000409F5A35331
:1022C0009FED6D7B03ED027BC8E90074049C85F8EB
:1022D0006044A5F86244936885F8654485F86744CE
:1022E000C5F81246A5F80A459847D5F84C38A5F820
:1022F00056669B6885F8594685F85B46C5F80648DA
:10230000A5F8FE4627E600297FF467AF012385F88C
:102310005C3862E7B9F80820B5F80E35B2F5807F71
:102320005BBA28BF4FF480729BB29A42A7D30633A0
:10233000A5F81436EFE695F85C38002B7FF4C1ACB5
:10234000012385F85C38D5F85838002B3FF4B9AC38
:102350001A6901321A61B4E400287FF47FAF85F86E
:102360005C187BE7012209F5A2510B98DB0985F87F
:10237000412441F8080C0C9841F8040C85F82C24F1
:1023800085F8403485F82B34FFF7D4BB1799D3096F
:1023900013FB01F30121DBB285F82A14FFF7B9BB67
:1023A000049B002B50D095F84034029309F5A253BA
:1023B0000A9303E6DDE90468DDE90674DA46B7420C
:1023C00074EB0803BFF6B1AE95F86734012B41D02A
:1023D00095F85B36012B3DD00024D5F84C3841F2FE
:1023E000166085F8604448449B6885F84244A5F827
:1023F000624485F8654485F86744C5F81246A5F837
:102400000A459847012341F60A0085F85946A5F880
:102410005636D5F84C38484485F85B469B68C5F875
:102420000648A5F8FE4698477FE60E994846FEF70F
:1024300001FE70E641F25661029A48464944FEF7B1
:1024400083FE95F84234DEE5119BCDE90B6485F8F7
:102450002B3475E695F85C38002BBDD1012385F847
:102460005C38D5F85838002BB6D01A6901321A6199
:10247000B2E700BFAFF300800000000000000000E2
:102480002404022018040220704700BF124D134C90
:1024900008B54FF4FA7005F0B5FBEB6893B96B69BA
:1024A00083B9AB6973B9EB6963B9E0690028F0D00F
:1024B000218C02F051F84FF4FA7005F0A3FBEB68A1
:1024C000002BECD0E06A218E0028E2D00122002906
:1024D000DFD002F03DF8DCE72C3802208038022003
:1024E0002DE9F0411B4CADF5027D22781AB10DF5B6
:1024F000027DBDE8F08102F0FF0317491A46086823
:1025000001A905F03BFC05460028F0D1BDF8047098
:102510000DF10601114E4FF001083A46104807F040
:1025200077FF3A460E49B06884F8008004F0F6FA66
:102530000028DCD00B4A2570D369F06A4344318E01
:10254000D3610028D3D00029D1D0424602F000F850
:10255000CDE700BFD40402206005022080380220AD
:10256000008000202C3802200F4B104A5B681B684B
:10257000D96821F48071D960196A0A4022B9196AB0
:1025800040F24442114205D0094B186850B1042171
:1025900005F04ABA1A6822F001021A60044B186862
:1025A0000028F4D1704700BF8038022011111100BB
:1025B000740502200F4B104A5B681B68D96821F430
:1025C0008071D960196A0A4022B9196A40F24442FE
:1025D000114205D0094B186850B1012105F024BA09
:1025E0001A6822F001021A60044B18680028F4D11E
:1025F000704700BF803802201111110074050220BD
:10260000034B186810B1022105F00EBA704700BFE5
:1026100074050220F0B5294DADF23C4D284F2B68D2
:102620000DA86A680DAE0092AA680192EA6802924B
:102630002A6903926A690492AA690592EA69069274
:102640002A6A07926A6A0892AA6A0992EA6A696B18
:102650000A920B914FF400711A4A07F01BFE84B2E4
:1026600005E0BDF83432E41A1E44A4B214B3B4F544
:10267000007F224631460DF2362028BF4FF400720B
:10268000ADF8342207F0C4FE00238DA938681A463D
:1026900005F020FB0028E4D0AB690B4A0133D06A77
:1026A000AB616B6B118E01336B6318B111B10122F9
:1026B00001F04EFF0DF23C4DF0BD00BF2C38022062
:1026C000600502207CAD00088038022070B50C4601
:1026D00001461E48C2B01E4D002690F81AC095F85B
:1026E00000E04FEA8C0C1B48ADF806404CEACE0CDB
:1026F0002E7042EA0C0C4CEA430C03788DF805303E
:1027000001338DF804C00370BCB90023124801A93D
:102710001A46006805F0DEFA68B1104B0122104934
:102720009C69C86A1444098E2A709C615C6B1444CD
:102730005C6300B131B942B070BD224602A807F017
:1027400067FEE2E701F004FF42B070BD643802208A
:10275000D0040220D3040220680502202C38022075
:102760008038022008B50C48002300681A4605F09E
:10277000B1FA58B1094B0A499A69C86A0132098EFF
:102780009A615A6B01325A6300B101B908BD012246
:10279000BDE8084001F0DCBE640502202C380220B0
:1027A000803802202DE9F041294F064605887B78C4
:1027B000012B33D07B89B3F5805F28BF4FF4805362
:1027C000AB420FD2234B00242349DA69C86A013295
:1027D000098EDA615A6B01325A63348000B149BB09
:1027E000BDE8F081B5B10024DFF87080291B3B897A
:1027F00008EB0400002289B2994228BF19460C4414
:10280000A4B2631BB3FA83F35B09FFF75FFF35885C
:10281000A542EBD800233380BDE8F0810C4675B9A2
:102820000A78002ADCD01A4629462846FFF74EFFD0
:102830002570D5E70122BDE8F04101F089BE1A46B6
:1028400029460648FFF742FF002333802370C7E77D
:10285000643802202C380220803802207C0D0220AF
:102860002DE9F04F002385B0ADF80E308DF80D3016
:1028700005F070F80346AB484FF40062AA4980683F
:10288000019305F003F8A94B009350B1A54AD06A13
:10289000118E1A46DB690133D36110B1002940F073
:1028A00080810025DFF89882DFF8A0B2A04F0A22CD
:1028B0000021072005F004F9821C6BD00028C0F22B
:1028C0005981430766D5974D0024A86804F068F93C
:1028D00007F070FA974B1C708BF8004007F090FAE5
:1028E000954B4FF40062ADF80E408DF80D40012479
:1028F0008D49A8681C7004F0C9FF002840F0418190
:102900004FF000094D4607F055FA8A4B9BF800201E
:102910001B789A4241D09BF800209BF8003001338D
:1029200003F01F038BF80030844B33F822A003EB35
:102930008202967807F064FA554548D8AAEB050458
:10294000A4B2002C40F0E680764BCAF30A05B3F837
:102950004810586C11B108B101F0FEFDB9F1000F3B
:1029600047D1012E45D1072C00F0B480002C67D14F
:102970007B78012B00F0FC80A146ADF80E403B8B2C
:10298000002BC0D04B45BED80DF10D010DF10E004E
:10299000FFF708FFBDF80E90B5E707F031FAB9F17F
:1029A000000F02D19DF80D3073B17B6963B104F063
:1029B000D1FF019BC01A7B69984205D30DF10D012F
:1029C0000DF10E00FFF7EEFEFFF78AFD6FE7C5F58C
:1029D0000064554B5A48A4B25919224607F018FD15
:1029E00008EB0400544452464F49A4B207F010FDCE
:1029F000AAE72CBB7B78012BC1D0224648467989B7
:102A000003198B4202D8B3F5805F76D9009AD36957
:102A10000133D361536B013353630023ADF80E30A0
:102A2000404BD86A198E18B111B1012201F090FD06
:102A30004FF00009002CA2D004F08CFF01909EE71B
:102A4000009A13682344136022467B78012BD5D16A
:102A50004B464FF000090122CA46CE468DF80D20A4
:102A6000384AA4EB0E0CB7F8089008EB0E01D0180A
:102A7000A9EB030292B20EEB02069445B6B20FDB4D
:102A800007F0C6FC0023012249462E48FFF71EFE30
:102A9000B4424FF00003B646ADF80EA0E0D8C7E749
:102AA0001FFA8CF227484E4608EB0E0118441344D7
:102AB0001FFA83F907F0ACFC4E45ADF80E90B9D182
:102AC0000023314601221F48FFF700FE0023ADF826
:102AD0000E30ADE7D8F800301B4A934238D0009A48
:102AE0001368073313607B78012BB1D07B89062BE9
:102AF0008CD909F10703072200201FFA83F9114B33
:102B00000F49184407F084FCADF80E90002C3FF4F8
:102B100036AF91E7044B22460948591907F078FC73
:102B200012E700BF80380220008200202C380220EB
:102B30006438022059050220D0040220D804022063
:102B40007C0502207C0D02203A7374615805022036
:102B5000164B1A8840F674539A42C0D1144B1B7816
:102B60000A2BBCD1FFF756FD04F0F4FE0190CAE633
:102B7000A146C8E6009ABDF80E90D3690133D3612F
:102B8000C1E6009AE86AD369298E2344D3610028FC
:102B90003FF4B6AE00293FF4B3AE224601F0D8FCB4
:102BA000AEE6012201F0D4FC7BE600BF80050220E6
:102BB000820502207B4900207B4BD1F8FC202DE9C7
:102BC000F04F42F08072794CDFF8109283B0C1F878
:102BD000FC204FF48052C3F8B04F58601968744D10
:102BE00041F00101C9F8540828681960714B724915
:102BF000C9F8503802F056FF002800F0C3806F4A31
:102C0000298E5369E86A01330192536111B100289A
:102C100040F0C0806A4EDFF8C881DFF8C8B1DFF845
:102C2000C8A1002703E0E20738D4A30772D400212B
:102C30004FF0FF32072004F043FF07F0BBF8346881
:102C4000376007F0DDF86107EDD5D5E9030103F042
:102C50005BFB286802F0E6FF5A48FEF7E1FE4FF4FE
:102C600080525549286802F01DFF40B9D5E903019B
:102C700003F0AEFA0028D6D0286802F0D3FF019AFC
:102C8000E86A5369298E013353610028CBD00029AB
:102C9000C9D0012201F05CFCE207C6D5D8F80030AB
:102CA000494A0133C8F80030B9F80835ABF80030AC
:102CB000B9F8FC361380BBF800309BB213B113880F
:102CC0009BB233B9414A136813B9D8F80030136086
:102CD00000BE686B298F10B109B101F03DFC324B89
:102CE0004FF4006234495B6836480093FEF7E4FE17
:102CF0002D4B009A5B6836499B1A364A13600A6866
:102D0000934200D90B60DAF800300133CAF8003082
:102D1000A3078CD5D8F800302B4A0133C8F800300F
:102D2000B9F80835ABF80030B9F8FC361380BBF8B9
:102D300000309BB213B113889BB233B9234A136896
:102D400013B9D8F80030136000BE686B298F10B13A
:102D500009B101F001FC144F4FF400621E491948FB
:102D60007C68FEF7A9FE7B681A4A1B1B1849136092
:102D70000A68934200D90B60DAF800300133CAF8D0
:102D800000304EE7D5E9030103F022FA30B90B4BCE
:102D900001933FE7012201F0DBFB3BE7286802F0EB
:102DA00041FF2CE700ED00E0001000E055CEACC57F
:102DB0008038022065270008008A00202C38022075
:102DC0005C050220C01F0220C0040220B8040220BB
:102DD000C8040220CC04022000920020C02F022050
:102DE000BC040220C2040220C40402202DE9804851
:102DF000DFF8EC90ADF5437DDFF8E8B0DFF8E8A050
:102E0000DFF8E880344F354E4FF0FF33002269463B
:102E1000D9F8000004F0B2FF0028F5D19DF8002099
:102E20009DF80130120714D49BF800208AB19AF85B
:102E300000209A420DD0D8F82020F86A0132398E4D
:102E4000C8F8202028B121B1012201F081FB9DF8B2
:102E5000013001334FF00102BDF802408BF8002031
:102E60008AF800306CB301AD05E0BDF80431E41A16
:102E70001D44A4B22CB3B4F5007F224629460DF5BB
:102E8000837028BF4FF40072ADF8042107F0C0FA38
:102E9000002341A930681A4604F01CFF0028E4D042
:102EA000D8F81830F86A0133398EC8F81830D8F8D5
:102EB00034300133C8F8343018B111B1012201F0B7
:102EC00047FBF869398C00289ED000299CD001224C
:102ED00001F03EFB98E700BF803802206005022029
:102EE00064050220D1040220D20402202C380220E2
:102EF000704700BF2DE9F04FCDB0DFF860814F4C37
:102F0000002709AD0DF1280ADFF854B1DFF854911C
:102F10004B4E4FF0FF3300220BA9D8F8000004F00D
:102F20002DFF0028F5D1606A218D18B111B1012261
:102F300001F00EFBE06BB4F8401010B109B101F0E4
:102F40000BFB404B0BA90295484600934FF480536E
:102F50002F60CAF80070DBF8002001933A4BFDF7B0
:102F600061FF00285AD029683648FFF7C1FF374B68
:102F7000CDF810A00293238B009701934FF40053D8
:102F800099F8002003932F4899F81B302968FDF722
:102F9000D9FF002842D06268106A00283ED0DAF8D3
:102FA00000304FF6FE7103F1FF3C8C4536D81168B6
:102FB0006FF0010C264A0264264AC263264AC264A4
:102FC00062694F621832C1F810C0204900F048FF12
:102FD0000146079010BB63684FF0FF3205201B6865
:102FE000D3F80CC04CF4807CC3F80CC0D3F800C0FC
:102FF0004CF0010CC3F800C004F062FD0346606AA7
:10300000218D28B121B1079A069301F0A1FA069B00
:10301000DB0703D57368013373607AE77369E06A8D
:103020000133218E736100283FF473AF00293FF410
:1030300070AF012201F08CFA6BE700BF80380220EC
:103040002C380220BC1D02207C1D02200000002024
:1030500001260008B525000869250008680502203A
:103060002038022064380220002800F0C7802DE9B3
:10307000F04F0D4685B0B9B103680446A3B143686B
:1030800093B1836883B1436973B1038B63B14B68B8
:10309000A14A93420CD0A14A934209D0A04A93423C
:1030A00006D0A04A934203D0002005B0BDE8F08FBF
:1030B0002B89013B9BB2FF2BF6D82B7B043B042BC7
:1030C000F2D82B7C042BEFD838220021964807F049
:1030D00015F921464C22954807F09AF9944EAC46D2
:1030E0003446BCE80F000FC49CE8070084E80700E2
:1030F000AB7E002B00F08480FDF792FE8D4F386090
:103100000028D1D0894CE069218C18B111B100227E
:1031100001F01EFA606A218D18B111B1002201F090
:1031200017FAE06A218E18B111B1002201F010FAED
:10313000F27E218B606901F00BFA2568002DB3D077
:10314000284602F0B9FB00234FF4806228466B60EA
:10315000AB62C5E90433C5E90633C5E90833072383
:10316000EB624FF4E063C5E9022302F02FFB002875
:103170009AD1D4F80C80B8F1000F95D001F046FD3B
:103180006D4B726805469B6813F4604F18BF45008D
:10319000002A89D00C23DFF8CC910021A2FB03ABDD
:1031A000D14571EB0B00FFF47FAF52465B462846DA
:1031B000FDF796F801466148284448452CBFB0FB0E
:1031C000F9F00120B1F5803F28BF4FF480318142F2
:1031D000FFF46AAFDFF88CE1CB070AD4B5FBF1F955
:1031E00001FB19532BB9D14573EB0B0C01D3F145FE
:1031F00009D9884201F1FF31EED155E7002070472F
:10320000FDF70AFE7AE7D8F800304D4A186A024006
:1032100042B9186A40F24442104203D11A6822F0BF
:1032200001021A604A1E002049089862DA62C8F852
:103230000C202269002A60D15963002201214046F6
:10324000404D5A6203F050FAD8F800306FF0010296
:10325000C5F800901A6101F0D9FC374B9B6813F454
:10326000604F736818BF40005B003FF41DAFB0FBB8
:10327000F3F603FB1603002B7FF416AF06F1FF3CB9
:10328000BCF5803FBFF410AFD4F804E02C4BDEF85F
:1032900000100A6A134043B90A6A40F244431A42D2
:1032A00003D10B6823F001030B6000242A686FF040
:1032B00001053B688C62C1F82CC0CEF80CC04C6292
:1032C0000D611949CDE901441F4C009120601F4850
:1032D000174906601E48FEF76DF800283FF4E4AE7B
:1032E0001C4B1D4CB3F808551C4925801C4AB3F8EB
:1032F000FC4601230C801370D7E6043A0C2A08D848
:10330000DFE802F038070707360707073407070723
:103310003200D96591E700BF40420F0080841E0053
:10332000C0C62D0000093D002C3802208038022044
:103330006438022020380220003802407FF9370329
:103340001111110024380220B4040220B00402201C
:10335000C01F0220C02F0220C2040220C00402208D
:103360002838022080F93703996566E7196464E715
:10337000D96362E7996360E74F4B1B782DE9F04111
:10338000AEB023B9002420462EB0BDE8F081002263
:103390004FF482710820494C04F054FC484D034618
:1033A00000224FF482710820236004F04BFC0022BD
:1033B000286040F20221082004F044FC414A2368BE
:1033C0001060002BDED02C68002818BF002C0CBF2A
:1033D00001240024D6D02025214602A84FF44067BE
:1033E0002A46182606F08AFF37494FF480522823D0
:1033F00001910BA8214606922A46079306F07EFF0C
:10340000324B2A46214614A80A93DFF8F080CDE912
:103410000F7506F073FF2E4B2A4621461DA81897FC
:103420001996139306F06AFF2A494FF400632A465F
:1034300026A81C9121462296219306F05FFF26487C
:103440004FF480610823254F01AA25902A91214637
:1034500023482B9304F098FA224D0AAA214638609B
:10346000214804F091FA214E13AA2146C8F8000021
:103470001F4804F089FA1CAA214628601D4804F060
:1034800083FA25AA306021461B4804F07DFA2B6898
:10349000002B3FF478AF3368002B18BF00283FF4AF
:1034A00072AF3B68002B3FF46EAFD8F80040003C91
:1034B00018BF012467E700BF2838022068050220F2
:1034C000640502206005022010AE000820AE00084E
:1034D00030AE000838AE000844AE0008780502207F
:1034E000B52B000870050220F52E00086C0502209F
:1034F00061280008ED2D00088D24000874050220C5
:103500000B4B1B68834200D070470A4B1868002899
:10351000FAD0094B1A68D20703D508494A69013223
:103520004A611A6801210A431A6004F07DBA00BF9B
:1035300080380220780502205C0502202C38022009
:103540000B4B1B68834200D070470A4B1868002859
:10355000FAD0094B1A68920703D508494A69013223
:103560004A611A6802210A431A6004F05DBA00BF7A
:1035700080380220780502205C0502202C380220C9
:103580000B4B1B68834200D070470A4B1868002819
:10359000FAD00421084A10B4084C23680B43236076
:1035A00053695DF8044B0133536104F03DBA00BF29
:1035B00080380220780502202C3802205C05022089
:1035C00038B51D4B9B68834200D038BD1B4D2B681E
:1035D000002BFAD00C4604F07DF9012828D00028F1
:1035E0000CBF4FF0030C4FF0010C154A154913782E
:1035F0000978013303F01F03994211D0C4F30A0183
:103600002868114C157824F825101178137004EBF4
:103610008104012184F802C0BDE8384004F004BAF6
:103620000A4BDA690132DA615A6B01325A6338BDEA
:103630004FF0020CD9E700BF80380220700502204D
:103640005905022058050220D80402202C380220F7
:10365000074B9B68834200D07047064B18680028D0
:10366000FAD0054B002202211A7004F0DDB900BF28
:103670008038022070050220D4040220074B9B688A
:10368000834200D07047064B18680028FAD0054ADC
:103690000421D3690133D36104F0C6B98038022014
:1036A000700502202C3802200E4B00220F216FF0F3
:1036B000010010B41C6C83B044F080541C641C6C7A
:1036C00004F080540094009C5C6C44F480445C647E
:1036D0005B6C03F480430193019B03B05DF8044BE2
:1036E00000F092BA00380240274B026870B59A4247
:1036F00088B04FF00004CDE902440494CDE90544BC
:1037000001D008B070BD03F58433054602A91F4EF1
:103710005A6C42F480525A645A6C02F480520092FD
:10372000009A1A6B42F001021A63A0221B6B03F08D
:1037300001030193022301981548CDE902230322D6
:103740000523CDE9052300F0FFFC4FF0C063114ACB
:10375000304673604FF4807332604FF48062B4601F
:10376000F460C6E906434FF44033C6E90424C6E9D1
:10377000083400F093FA18B9AE65B56308B070BDAF
:10378000FDF700FAF8E700BF00300140C402022054
:1037900000000240106402400A4B02689A4200D0C6
:1037A0007047094AA021536C23F4805310B5044696
:1037B0005364064800F002FEA06DBDE8104000F022
:1037C00009BB00BF00300140003802400000024049
:1037D0001A4B02689A4200D0704703F59C330021CF
:1037E0005A6C30B542F00102154D83B00446E960D1
:1037F000E96169624FF040615A6440225B6C696024
:103800004FF4806103F001030E48AA604FF4804238
:1038100001934FF48053286001982846AA61C5E9B6
:1038200004134FF440332B6200F038FA18B92562C4
:10383000AC6303B030BDFDF7A5F9F8E70000014027
:10384000C801022088640240094B02689A4200D0F5
:10385000704703F59A3382B05A6C42F002025A6400
:103860005B6C03F002030193019B02B0704700BF41
:103870000004014000000000134A0023016810B555
:10388000914288B0CDE90233CDE90433069301D0EB
:1038900008B010BD0D4B032402A90D481A6B42F06D
:1038A00004021A631B6B069403F004039FED047B70
:1038B0000193019B8DED027B00F046FC08B010BD2A
:1038C00040000000020000000004014000380240F7
:1038D0000008024070B5ACB000210446902208A850
:1038E0000691CDE90211CDE9041106F007FD3A4B2E
:1038F00022689A4201D02CB070BD4FF4807308A8A2
:10390000089301F0B5F900285CD1344B072002A9D7
:10391000334E1A6C42F480221A641A6C02F480222C
:103920000092009A1A6B42F008021A634FF4407238
:103930001B6B069003F008032A4801930223019DA4
:10394000CDE9022300220323CDE9042300F0FCFB90
:1039500025494FF0006200233046C6E900124FF4BB
:1039600080614FF48072C6E90233C6E905333161E4
:10397000F261C6E9083300F091F948BB1B4D4FF0E6
:1039800000621B4900236A604FF480622960402175
:1039900028466667B463EB606B61A960AB612A611E
:1039A0006B62C5E9073300F079F970B9002207218D
:1039B00027202567AC6300F027F9272000F060F985
:1039C0002CB070BDFDF7DEF89FE7FDF7DBF8EDE703
:1039D000FDF7D8F8D2E700BF0048004000380240A9
:1039E000E0000220000C024028600240800002201B
:1039F00058600240234B1A6C42F0100270B51A64F2
:103A000088B01B6C054601A903A803F010030293BC
:103A1000029B01F00BF9069BD3B901F0E7F80346CE
:103A2000194A1A4CA2FB03231949002220469B0C79
:103A3000216040F2E731A260013BA261C4E90312B8
:103A4000636002F02FFA064630B1304608B070BD10
:103A500001F0CCF84300E3E7204602F0C5FA064641
:103A60000028F2D1362000F00BF90F2D01D90126E4
:103A7000EBE732462946362000F0C6F8054B1D60BC
:103A8000E3E700BF0038024083DE1B43CC3802204E
:103A90000010004008000220FEE700BFFEE700BF64
:103AA000FEE700BFFEE700BFFEE700BF704700BFB4
:103AB000014800F073BA00BFE0000220014800F0A6
:103AC0006DBA00BF80000220014803F0D7B900BFE3
:103AD00040010220014802F0CFBE00BFCC380220D6
:103AE000014800F05BBA00BFC4020220014800F0A8
:103AF00055BA00BFC80102200D4903460D4A0868A7
:103B000010B50D4C121B20B10344934207D80B6033
:103B100010BD0A4C20460C6003449342F7D906F0CE
:103B20004BFC0C2203464FF0FF301A6010BD00BF63
:103B30001839022000000820000400004848032033
:103B4000034AD2F8883043F47003C2F888307047D3
:103B500000ED00E0DFF834D0FFF7F2FF0C480D492C
:103B60000D4A002302E0D458C4500433C4188C42D8
:103B7000F9D30A4A0A4C002301E013600432A2423E
:103B8000FBD306F01FFCFCF79DFD704700000820EA
:103B90000000022060000220CCAE0008600002207D
:103BA00048480320FEE7000008B5032000F01AF89B
:103BB0000F20FFF71FFFFFF777FD002008BD00BFB4
:103BC000034A044B11681B780B441360704700BF15
:103BD0001C39022004000220014B1868704700BF06
:103BE0001C39022006494FF6FF0C0002054BCA683B
:103BF00000F4E06002EA0C0210430343CB6070471C
:103C000000ED00E00000FA051A4BDB68C3F3022365
:103C100000B5C3F1070E03F1040CBEF1040F28BF79
:103C20004FF0040EBCF1060F1AD9A3F1030C4FF0AC
:103C3000FF3303FA0CF322EA03024FF0FF330028AC
:103C400003FA0EF321EA030303FA0CF343EA020337
:103C50004FEA0313DBB206DB074A13545DF804FB9B
:103C600000229446E9E700F00F00044A13545DF87F
:103C700004FB00BF00ED00E000E400E014ED00E014
:103C8000002807DB00F01F0101234009024A8B4096
:103C900042F82030704700BF00E100E038B504462C
:103CA000FFF79AFF002C74D02368002202210546FA
:103CB00084F8342084F835101A6822F001021A6062
:103CC00005E0FFF789FF431B052B3ED823681A68E0
:103CD000D107F6D4D4E90125E1682A43A0691D681B
:103CE0000A4321690A4361690A43E16902430A43BD
:103CF00034492940256A2A430A43616A04292BD0A2
:103D00001A605A6922F007021143DAB259612E484B
:103D1000A2F110012D4AA2FB01525F294FF00105CB
:103D20004FF000014FEA1212805C294AE06502EA76
:103D300003024FF03F0388BF043283400846A26568
:103D40009360616584F8355038BD032320221846FE
:103D5000626584F8353038BDD4E90B5129431143ED
:103D6000A26A1960596921F00701114341F0040169
:103D7000002DCAD078B1B0F5005F16D0022A03D961
:103D8000032AC2D1EA01C0D540220023626584F82B
:103D90003530012038BD012A03D032F00202B4D1FF
:103DA000F0E7B5F1C07FB0D1EEE7032AADD801A0AE
:103DB00050F822F0893D0008853D0008893D000843
:103DC000A33D00083F8010E068AE0008ABAAAAAA95
:103DD00000FCFFFF002839D090F835200346022A66
:103DE000D0B235D01A6800201A4930B414681A4D80
:103DF00024F001041460106050609060D060106185
:103E000021205061D0B21038A1FB00415F284FF053
:103E10003F004FEA11116C5C104900FA04F0DC65B8
:103E200001EA02014FF0000288BF04319965886001
:103E300010465A6583F8352083F83420C3E90F22F1
:103E400030BCC3E91122C3E9132270470120704737
:103E5000704700BFABAAAAAA68AE000800FCFFFF2B
:103E600070B490F834C0866DBCF1010F09D0012404
:103E700080F8344090F83540012C05D0002380F8BC
:103E80003430022070BC70470225046880F8355039
:103E900000254565256825F48025256063608368D5
:103EA000402B1AD0A160E260C16D3F23026C8B40B1
:103EB000B360236843F016032360636943F0800313
:103EC00063611AB1236843F008032360236800206C
:103ED00043F00103236070BC7047A260E160E3E738
:103EE00070B50446856DFFF777FE94F83530022BE8
:103EF00006D0802301206365002384F8343070BD30
:103F0000236806461A6822F016021A605A6922F0DF
:103F100080025A61226C4AB31A6822F008021A60C1
:103F20001A6822F001021A6005E0FFF755FE831BB4
:103F3000052B11D823681B6813F00103F5D1E16D3F
:103F40003F221846002302FA01F10122A96084F8F9
:103F5000352084F8343070BD032320221846626572
:103F600084F83530002384F8343070BDA26C002A08
:103F7000D2D1D5E790F835200346022A03D080221B
:103F800001205A65704702680521002083F835102A
:103F9000136823F001031360704700BFF0B50022DF
:103FA000664B83B004461E6801920822D0E916735E
:103FB0003D689A402A4204D001680868400700F131
:103FC000978001229A402A4204D021684969080654
:103FD00000F1888004229A402A4203D021680968AF
:103FE000890779D410229A402A4203D021680868B0
:103FF00000075ED420229A402A4214D02168086823
:10400000C00610D5BA6094F83520052A33D00B6865
:1040100013F4802F0B687BD0190340F18680E36B8B
:104020000BB120469847636D002B40D0636DDA07D3
:104030001AD522680521424B84F83510A3FB0636B9
:10404000136823F00103B60A136002E01368DB076C
:1040500004D5019B0133B3420193F7D90122002318
:1040600084F8352084F83430E36C03B3204603B081
:10407000BDE8F04018470A6822F016020A604A6953
:1040800022F080024A61226C002A53D00A6822F092
:1040900008020A603F22012102FA03F30022BB60FA
:1040A000236D84F8351084F83420002BDED103B062
:1040B000F0BDBA600A6812F4802F0A6822D1D205D6
:1040C00003D40A6822F008020A60226C002A91D008
:1040D00020469047E36D8DE7BA60626D42F00402BE
:1040E00062657FE7BA60626D42F00202626571E765
:1040F000086820F004000860BA60626D42F00102B6
:1041000062655EE71103E0D5A26C002AE0D171E799
:1041100013F4807383D10A6822F010020A6001222E
:1041200084F8343084F8352079E7636C002B7FF411
:1041300078AF78E7A26C002AA8D1ABE70000022094
:10414000B5814E1B406D70472DE9F04F002385B0BF
:104150004FF0010B0C68DFF844A2894603E00133FD
:10416000102B00F09B800BFA03F202EA0408A24332
:10417000F5D1D9F804104FEA430C032501F00302EE
:1041800005FA0CF5571EED43012F40F28A80032AF1
:1041900040F0C380076802FA0CF211F4403F05EAD0
:1041A000070542EA05020260D9D0DAF8442023F07C
:1041B000030503F003070F2642F4804205F1804512
:1041C000BF00CAF8442005F59C35DAF8442006FA09
:1041D00007FC6F4E02F48042B0420392039AAA6831
:1041E00022EA0C0231D006F58066B04200F0A080D1
:1041F000684EB04200F0A280DFF8A4C1604500F034
:10420000A380DFF8A0C1604500F0A480DFF898C16A
:10421000604500F0AB80DFF894C1604500F0AC80F1
:10422000DFF88CC1604500F09B80DFF888C16045F5
:1042300000F0A880DFF880C160450CBF4FF0090C8A
:104240004FF00A0C0CFA07F73A43AA60CE02524A22
:104250006FEA0805504E03F10103926854BF2A40EB
:1042600048EA02028F02B260F2684B4E54BF2A4005
:1042700048EA0202F26072688E03474E54BF2A4039
:1042800048EA0202C90344497260326854BF2A40B6
:1042900048EA0202102B0A607FF465AF05B0BDE862
:1042A000F08F8768022A07EA050ED9F80C7007FA22
:1042B0000CF747EA0E078760C1F30017D0F804E057
:1042C00007FA03F72EEA080E47EA0E074760D9F807
:1042D0000870D0F80CE007FA0CF70EEA050E47EA72
:1042E0000E07C7607FF456AFDF0803F0070E00EB40
:1042F00087074FEA8E0E3E6A019700960F26D9F87F
:10430000107007FA0EF706FA0EFE009E26EA0E0E51
:10431000019E47EA0E0737623CE7C76807EA050EC9
:10432000D9F8087007FA0CF747EA0E07C76031E7BB
:104330004FF0010C0CFA07F73A4386E74FF0020CF6
:104340000CFA07F73A4380E74FF0030C0CFA07F733
:104350003A437AE74FF0040C0CFA07F73A4374E754
:104360004FF0070C0CFA07F73A436EE74FF0050CD5
:104370000CFA07F73A4368E74FF0060C0CFA07F718
:104380003A4362E74FF0080C0CFA07F73A435CE750
:104390000000024000080240003C0140003802409A
:1043A000000C0240001002400014024000180240BD
:1043B000001C024000200240002402402DE9F04F82
:1043C000002383B00126DFF870A14FF00F09554F8D
:1043D00002E00133102B7BD006FA03F232EA01042B
:1043E00002EA010CF5D123F0030503F00304554460
:1043F000A400D5F808E009FA04F801954A4D08EA46
:104400000E0EA84227D005F58065A84263D0474D1F
:10441000A84263D0464DA84265D0464DA84267D019
:10442000DFF818B1584568D0DFF814B1584569D0A5
:10443000DFF810B158456AD0DFF80CB158456BD0A1
:10444000DFF808B1584514BF4FF00A0B4FF0090BC5
:104450000BFA04F400E00024A64514D13C68019D49
:1044600024EA0C043C607C6824EA0C047C60FC6850
:1044700024EA0C04FC60BC6824EA0C04BC60AC6850
:1044800024EA0804AC605C0003254FEAD30CA54085
:10449000046800EB8C0C24EA0504046003F00704B4
:1044A000DCF820E00133A400102B09FA04F42EEA12
:1044B0000404CCF82040C46824EA0504C4604468BD
:1044C00024EA02024260826822EA0502826083D105
:1044D00003B0BDE8F08F06FA04F4BDE74FF0020B1D
:1044E0000BFA04F4B8E74FF0030B0BFA04F4B3E74C
:1044F0004FF0040B0BFA04F4AEE74FF0050B0BFA88
:1045000004F4A9E74FF0060B0BFA04F4A4E74FF00C
:10451000070B0BFA04F49FE74FF0080B0BFA04F4B7
:104520009AE700BF003C0140000002400008024042
:10453000000C02400010024000380140001402400C
:1045400000180240001C02400020024000240240EB
:1045500002B9090481617047436901EA030221EA53
:10456000030141EA02418161704700BF024A1368BA
:1045700043F4807313607047007000401A4B1A6C4C
:1045800042F0805230B51A6483B01B6C174C03F0B4
:1045900080530193019B236843F480332360FFF72A
:1045A0001BFB054605E0FFF717FB401BB0F57A7FC4
:1045B00017D86368DA03F6D523680C4D43F400334B
:1045C0002360FFF709FB044605E0FFF705FB001B2E
:1045D000B0F57A7F05D86B689B03F6D5002003B051
:1045E00030BD032003B030BD0038024000700040F1
:1045F000002800F0BD8103682DE9F041DD0782B09D
:10460000044635D59A498A6802F00C02042A00F063
:10461000E0808A6802F00C02082A00F0D680636805
:10462000B3F5803F10D0002B00F0FD80B3F5A02F34
:104630008F4B1A6800F08C8122F480321A601A685D
:1046400022F480221A6004E0894A136843F480331C
:104650001360FFF7C1FA864E054605E0FFF7BCFA86
:10466000401B642800F2DB8033689B03F6D5236887
:104670009D0727D57E4A916811F00C0F7ED0916876
:1046800001F00C01082976D0E368794D002B00F089
:1046900004812B6843F001032B60FFF79DFA064667
:1046A00005E0FFF799FA801B022800F2B8802B681A
:1046B0009F07F6D52B68226923F0F80343EAC2036B
:1046C0002B6023681A071FD45E0734D5684B1A6C19
:1046D000D5006FD50025674E3368D80540F18F802F
:1046E000A368012B00F0EB80002B00F0B280052BBB
:1046F0005F4B1A6F00F0348122F001021A671A6FC3
:1047000022F004021A67DFE06369594D002B40D0A4
:104710006B6F43F001036B67FFF75EFA064604E038
:10472000FFF75AFA801B022879D86B6F9B07F7D5E1
:1047300023685E07CAD4A369CBB14D4DAA6802F0C5
:104740000C02082A00F0D380022B2B6823F0807320
:104750002B6000F00F81FFF73FFA044604E0FFF7FB
:104760003BFA001B02285AD82B689B01F7D4002083
:1047700002B0BDE8F0815268510285D43C4A12680B
:10478000920730D5E268012A2DD0012002B0BDE8A1
:10479000F0816B6F23F001036B67FFF71DFA06468C
:1047A00004E0FFF719FA801B022838D86B6F9F07C7
:1047B000F7D4BDE71A6C012542F080521A641B6CD5
:1047C00003F080530193019B85E74A6851027FF50E
:1047D00026AF274A126892037FF54AAF6268002A23
:1047E0007FF446AFD1E7224920690A6822F0F80237
:1047F00042EAC0020A601A077FF566AF84E73368B1
:1048000043F480733360FFF7E7F907463368D9054F
:104810003FF566AFFFF7E0F9C01B6428F6D9032027
:1048200002B0BDE8F081124D2B6823F480332B6079
:104830002B6823F480232B60FFF7CEF9064604E0B3
:10484000FFF7CAF9801B6428E9D82B689F03F7D4C7
:104850000DE7074E41F28838336F23F001033367C9
:10486000336F23F004033367FFF7B6F9074608E018
:104870000038024000700040FFF7AEF9C01B404511
:10488000CDD8336F9B07F7D4002D3FF454AF524A75
:10489000136C23F0805313644DE72B6823F001035E
:1048A0002B60FFF799F9064604E0FFF795F9801BA6
:1048B0000228B4D82B689907F7D4236802E7464A40
:1048C000136F43F001031367FFF786F9424F41F27C
:1048D0008838064604E0FFF77FF9801B40459ED8E4
:1048E0003B6F9A07F7D5002D3FF425AFCFE7012B9B
:1048F0006A683FF44AAF02F48003E1698B427FF4B7
:1049000044AF02F03F03216A8B427FF43EAF47F68B
:10491000C073616A1340B3EB811F7FF436AFA36AA3
:1049200002F440315B08013BB1EB034F7FF42DAF44
:1049300002F07063E16AB3EB016F7FF426AF236B83
:1049400002F0E042B2EB037F14BF012000200FE72A
:1049500042F480221A601A6842F480321A6078E6C3
:1049600042F004021A671A6F42F001021A67ABE7BD
:1049700001207047FFF730F9064605E0FFF72CF9F4
:10498000801B02283FF64BAF2B689901F6D4D4E97F
:104990000731626A0B43216B0F4E43EA8213D4E95D
:1049A0000A2043EA0063520843EA0173013A43EAEA
:1049B00002436B602B6843F080732B60FFF70CF9A8
:1049C000044605E0FFF708F9001B02283FF627AF71
:1049D00033689A01F6D5CAE600380240002800F094
:1049E000B380614A136803F00F038B422DE9F04155
:1049F00004460D460CD2136823F00F030B431360DB
:104A0000136803F00F038B4202D00120BDE8F08150
:104A10002368980714D5590704D554498A6842F485
:104A2000E0528A601A0704D550498A6842F460420D
:104A30008A604E49A0688A6822F0F00202438A60C8
:104A4000DF0720D56268494B012A1B687ED0022A05
:104A500077D09907D9D5454E41F28838B36823F00D
:104A600003031343B360FFF7B7F8074604E0FFF70B
:104A7000B3F8C01B40456CD8B368626803F00C0300
:104A8000B3EB820FF3D1384A136803F00F03AB4244
:104A900009D9136823F00F032B431360136803F045
:104AA0000F03AB42B1D123685A0706D52F49E068FE
:104AB0008A6822F4E05202438A601B0731D42B49F2
:104AC0008B6803F00C03042B39D0082B18D14A68EB
:104AD0004B6802F03F02496813F480033BD024483E
:104AE000C1F388110023A1FB0001FBF7F9FB1F4B69
:104AF0005B68C3F3014301335B00B0FBF3F300E0F9
:104B00001C4B1A4A1C4C92681C48C2F303121C49E5
:104B10000068A25CD3400B60FEF76CFF0020BDE88C
:104B2000F081124A2169936823F4604343EAC10388
:104B30000E4993608B6803F00C03042BC5D10C4B1A
:104B4000DFE7980187D460E7012070479E0382D495
:104B50005BE703205AE70748C1F38811A1FB000176
:104B6000FBF7BEFBC3E700BF003C02400038024039
:104B700000127A000024F40058AE00080800022059
:104B800000000220164908B58B6803F00C03042BC3
:104B90001BD0082B17D14A684B6802F03F024968C6
:104BA00013F4800313D10F48C1F38811A1FB000156
:104BB000FBF796FB0A4B5B68C3F3014301335B00D1
:104BC000B0FBF3F008BD074808BD074808BD06481C
:104BD000C1F388110023A1FB0001FBF781FBE9E78A
:104BE000003802400024F40000127A00044B05490A
:104BF0009B68054AC3F382230868D35CD84070479A
:104C0000003802400000022050AE0008044B054965
:104C10009B68054AC3F342330868D35CD8407047A9
:104C2000003802400000022050AE00080E4B0F2258
:104C300002609A6802F0030242609A6802F0F00291
:104C400082609A6802F4E052C2609B68DB0810B48C
:104C500003F4E053054C036123685DF8044B03F053
:104C60000F030B60704700BF00380240003C024059
:104C700003682DE9F04313F0010683B004460BD01E
:104C8000944A916821F400019160466B9168314328
:104C9000B6FA86F67609916013F4002510D08D4996
:104CA000E56BD1F88C20B5F5801F22F4401242EA62
:104CB0000502C1F88C2000F03982B5FA85F56D093E
:104CC000D90210D58348216CD0F88C20B1F5800F23
:104CD00022F4400242EA0102C0F88C2000F029824E
:104CE000002908BF012513F0807F18BF01269A060E
:104CF00000F1D781DA060CD5764AD2F88C1021F073
:104D00008071C2F88C10D2F88C10A06B0143C2F8ED
:104D10008C105F0408D56F49606ED1F8902022F4A2
:104D200040320243C1F89020180408D56949A06EAA
:104D3000D1F8902022F440220243C1F89020D903F8
:104D400008D56449E06ED1F8902022F44012024365
:104D5000C1F890209A0308D55E49206FD1F89020C1
:104D600022F440020243C1F890205F0608D5594959
:104D7000606CD1F8902022F003020243C1F8902029
:104D8000180608D55349A06CD1F8902022F00C02E7
:104D90000243C1F89020D90508D54E49E06CD1F8FE
:104DA000902022F030020243C1F890209A0508D5E5
:104DB0004849206DD1F8902022F0C0020243C1F88A
:104DC00090205F0508D54349606DD1F8902022F40A
:104DD00040720243C1F89020180508D53D49A06DE6
:104DE000D1F8902022F440620243C1F89020D90407
:104DF00008D53849E06DD1F8902022F440520243A2
:104E0000C1F890209A0408D53249206ED1F890203C
:104E100022F440420243C1F890205F0208D52D4998
:104E2000A06FD1F8902022F080620243C1F8902058
:104E300098020CD52749E06FD1F89020B0F1006FAF
:104E400022F0006208BF01250243C1F8902013F050
:104E5000080F18BF0125590308D51E49606FD1F806
:104E6000902022F040720243C1F890201A0209D526
:104E70001849D4F88000D1F8902022F080520243E3
:104E8000C1F890205F0109D51249D4F88400D1F807
:104E9000902022F000520243C1F89020180109D559
:104EA0000C49D4F88800D1F88C2022F0007202431B
:104EB000C1F88C20D9006BD4012E01D09A0161D5A4
:104EC000044E336823F080633360FEF785FE0746A7
:104ED00008E000BF00380240FEF77EFEC31B642BD3
:104EE00000F2DB8033681B01F6D42368DF0712D59C
:104EF000626B82B9D6F88420D6F8841002F440326E
:104F000001F070610A43616842EA8112A16842EAD5
:104F10000172C6F884201E0304D5E26BB2F5801F2F
:104F200000F01881D80204D5226CB2F5800F00F091
:104F30001181D90111D5A849D1F88420D1F8840074
:104F400002F0706200F0E0400243606842EA8012C2
:104F5000206942EA0042C1F884209A0100F1EB8006
:104F60009D4E336843F080633360FEF735FE07469D
:104F700005E0FEF731FEC01B642800F28E80336826
:104F80001B01F6D5012D0ED0002003B0BDE8F08343
:104F90009149D4F88C00D1F88C2022F08062024331
:104FA000C1F88C2088E78C4D2B6823F080532B6050
:104FB000FEF712FE064604E0FEF70EFE801B642894
:104FC0006BD82B689F00F7D423681D0340F1FB804A
:104FD000E26B002A40F0F7807F49D1F88820D1F8B1
:104FE000880002F4403200F0E0400243606942EA87
:104FF0008012A06942EA0062C1F88820D1F88C20B2
:10500000A06A22F4F852013842EA0022C1F88C204A
:10501000990215D5E26FB2F1006F11D16E49D1F846
:105020008820D1F8880002F0706200F0E04002436E
:10503000606942EA8012206A42EA0042C1F8882090
:105040001A0719D5644A6569D2F88810D2F88830F1
:1050500001F07061E06903F440330B4343EA8513C8
:1050600043EA0073C2F88830D2F88C30E16A23F446
:1050700040330B43C2F88C30574C236843F08053C5
:105080002360FEF7A9FD054623689B003FF57CAF32
:10509000FEF7A2FD401B6428F6D9032003B0BDE84B
:1050A000F0834D4B4D4F1A6C42F080521A641B6CCA
:1050B00003F080530193019B3B6843F480733B6092
:1050C000FEF78AFD804605E0FEF786FDA0EB0800AE
:1050D0006428E2D83B68DB05F6D53F4F236B3A6F77
:1050E00003F4407112F4407210D08A420ED03A6F2D
:1050F000386F22F4407240F480303867386F20F403
:10510000803038673A673A6FD00748D4B1F5407FAE
:105110003CD031498A6822F4F8128A602E4AC3F3DF
:105120000B03116F0B4313672368E3E5002501268A
:10513000C6E50126D7E5236961681B04E26843EAF6
:105140008113A16843EA0263234A43EA0173C2F868
:10515000843005E72049D1F88420D1F8840002F496
:10516000403200F0E0400243606842EA8012E068AA
:1051700042EA0062C1F88420D1F88C00626A20F013
:105180001F00013A0243C1F88C20D2E612481449AC
:105190008268194022F4F8120A438260BEE7FEF7E3
:1051A0001BFD41F28839804606E0FEF715FDA0EBB5
:1051B000080048453FF671AF3B6F9907F5D5236B63
:1051C00003F44071A2E7D8027FF522AF226C002AD7
:1051D0007FF41EAF00E700BF0038024000700040BF
:1051E000FFFCFF0F2DE9F04115460E4682B000236B
:1051F000354407468DF80330FEF7EEFC2D1AFEF716
:10520000EBFC314B80463C681B68224603EB830372
:10521000C3EBC3031B0D05FB03F30193731C21D1E7
:10522000936813F4C06F09D0237BDBB28DF8033091
:105230009DF80330936813F4C06FF5D1002002B0DD
:10524000BDE8F081237BDBB28DF803309DF803309D
:10525000FEF7C2FCA0EB0800A84208D2019B3A6806
:1052600013BB1D46936813F4C06FEBD1E6E7D7E993
:1052700000315A68B1F5827F22F0E0025A6017D0FF
:10528000BA6AB2F5005F07D11A6822F400521A60B8
:105290001A6842F400521A6001220023032087F8A2
:1052A0005D2087F85C30CAE7019B013B0193B5E7BD
:1052B000BA68B2F5004F02D0B2F5806FE0D11A683B
:1052C00022F040021A60DBE70000022070B50C46B5
:1052D00082B00646FEF780FC6434241AFEF77CFC9C
:1052E000234B05461B68C3F3CB3304FB03F3019345
:1052F00007E0FEF771FC401BA0420AD2019B33BBC2
:105300001C4633689B6813F08003F2D1184602B044
:1053100070BDD6E900315A68B1F5827F22F0E00213
:105320005A6018D0B26AB2F5005F07D11A6822F449
:1053300000521A601A6842F400521A6001220023D7
:10534000032086F85D2086F85C3002B070BD019BBA
:10535000013B0193D5E7B268B2F5004F02D0B2F538
:10536000806FDFD11A6822F040021A60DAE700BFCE
:10537000000002202DE9F0410F4684B00023DFF841
:105380000C8107F1640405468DF80730FEF724FC14
:10539000241AFEF721FCD8F80030064603EB8303FD
:1053A000C3EBC3031B0D04FB03F3039308E0FEF7F9
:1053B00013FC801BA0422AD2039B002B48D11C4621
:1053C0002B689A6812F4C05FF1D12F49D8F80020F9
:1053D000A1FB02124FF47A71520D01FB02F26968CF
:1053E000B1F5827F029206D136E0029A013A02922A
:1053F0009A68120602D5029A002AF6D13A4664212A
:105400002846FFF7EFFE68BB04B0BDE8F081D5E9A0
:1054100000315A68B1F5827F22F0E0025A6026D04E
:10542000AA6AB2F5005F07D11A6822F400521A6026
:105430001A6842F400521A600123002285F85D3098
:105440002B6E85F85C2043F020032B660320DBE7FE
:10545000039B013B0393B3E739462846FFF736FF2A
:105460000028CBD02B6E43F020032B66EEE7AA6812
:10547000B2F5004F02D0B2F5806FD1D11A6822F098
:1054800040021A60CCE700BF819F5E160000022038
:10549000324B6421324A1B68A2FB032302685B0A79
:1054A00010B501FB03F382B004460193536823F067
:1054B0008003536005E0019B013B0193536818068C
:1054C00006D5019B002BF6D1236E43F040032366E3
:1054D000FEF782FB01462046FFF74CFF08B1402350
:1054E00023662268136823F040031360FEF774FB01
:1054F000642102462046FFF775FE08B1402323666B
:1055000022685368590624D5536823F0400353603A
:1055100005E0019B013B019353685B0606D5019BA7
:10552000002BF6D1236E43F040032366FEF754FBB5
:1055300001462046FFF7CAFE08B140232366FEF766
:105540004BFB642102462046FFF74CFE08B1402386
:105550002366072384F85D3002B010BD00000220EE
:10556000F11976054368B3F5827F2DE9F0410446D1
:1055700082B019D0494B4FF47A71494A1B68A2FB9B
:1055800003235B0D01FB03F3009306E0009B2268FD
:10559000013B009393681B0602D5009B002BF5D1BD
:1055A000002002B0BDE8F08183680E461546B3F5D1
:1055B000004F3CD0B3F5806F39D07719FEF70CFB64
:1055C0003F1AFEF709FB354B80461B68C3F3CB330C
:1055D00007FB03F30193731C206824D18368190629
:1055E000FCD46368B3F5827FDAD1A368B3F5004FCA
:1055F00002D0B3F5806FD3D12A4631462046FFF75B
:10560000F1FD0028CCD0236E43F020032366032055
:10561000C7E7FEF7E1FAA0EB0800B84211D2019B00
:105620005BB920681F4683681A06F2D4D9E722685E
:10563000136823F040031360BFE7019B013B019314
:10564000C9E7D4E900315A68B1F5827F22F0E0025F
:105650005A6016D0A26AB2F5005F07D11A6822F428
:1056600000521A601A6842F400521A6001230022A4
:1056700084F85D30236E84F85C2043F020032366B9
:10568000C5E7A268B2F5004F02D0B2F5806FE1D154
:105690001A6822F040021A60DCE700BF0000022016
:1056A000819F5E16F0B5474F6424474985B03B683B
:1056B00005460268A1FB031311685B0A21F0400153
:1056C00004FB03F311600293536823F0400353601B
:1056D00005E0029B013B029353685B0606D5029BE3
:1056E000002BF6D12B6E43F040032B66FEF774FAC5
:1056F00001462846FFF7EAFD08B140232B66FEF776
:105700006BFA0446002364348DF80730FEF764FA20
:10571000241AFEF761FA3B6806462F6803EB830301
:105720003A46C3EBC3031B0D04FB03F303930EE0E4
:105730003B7BDBB28DF807309DF80730FEF74CFA63
:10574000801BA0420CD2039B2A685BBB1C4693685B
:1057500013F4C06FECD1072385F85D3005B0F0BDC0
:10576000D5E900315A68B1F5827F22F0E0025A6033
:105770001CD0AA6AB2F5005F07D11A6822F4005261
:105780001A601A6842F400521A6001214023002274
:1057900085F85D102B66072385F85C2085F85D3061
:1057A00005B0F0BD039B013B0393D0E7AA68B2F5B7
:1057B000004F02D0B2F5806FDBD11A6822F04002B0
:1057C0001A60D6E700000220F1197605002871D092
:1057D000426AF8B50446002A5CD00023C0E90433CD
:1057E000002194F85D30A16203F0FF01002B5AD034
:1057F00021680223E66884F85D300B68B6F5E06F37
:1058000023F040038CBF4FF0000E4FF0010E0B60F1
:1058100026F400634FEA0E3EB3F5E06F40D1A06A74
:1058200000F40050636802F0100CA56906F470667D
:1058300003F48272A36805F400772D0C03F404438B
:1058400005F004051A43236903F002031A43636950
:1058500003F001031A43636B03F008033A43334335
:10586000E6692B4306F03806256A324343EA0E0305
:1058700005F0800543EA0C032A43024300200A6036
:1058800001224B60CB6923F40063CB61206684F86E
:105890005D20F8BD4368B3F5827FA1D0C2619FE768
:1058A0000020A062BEE7204684F85C10FDF71CFFD4
:1058B000626A9DE70120704798B10268022310B523
:1058C00080F85D300446136823F040031360FDF751
:1058D00063FF00232366184684F85D3084F85C304B
:1058E00010BD0120704700BF70B5044690F85D0000
:1058F000012865680AD0B5F5827F5FD15FFA80FC28
:10590000A06800285AD1BCF1040F57D1002B18BF52
:10591000002A51D000294FD094F85C0001284DD0C6
:10592000012084F85C0094F85D00042802D0052072
:1059300084F85D000020A16321682066E568E387A4
:10594000A4F84630B5F5E06FA3872264A4F844308C
:10595000C4E91300486820F4C0404860A06D2FD807
:105960004D6845F480554D60656DAD69B5F5005FD6
:1059700066D08369B3F5005F4ED094F85D300026A1
:10598000434D0C31042B434B066518BF2B46424D4B
:105990000364424BC364424B18BF2B46C363B4F845
:1059A00046309BB2FEF75CFA054670B1236E84F870
:1059B0005C6043F010032366012070BD022070BDBF
:1059C0004B6823F480534B60D7E72268606D5368BF
:1059D0000C32A16B43F0010342F8083CE38FC5632E
:1059E0009BB20564C0E91355FEF73AFA002833D19B
:1059F00023681A68520603D41A6842F040021A60FB
:105A0000002284F85C205A6842F020025A605A68EA
:105A100042F002025A6070BD4B6823F480534B6021
:105A2000B4F8463013F0010F4B681CD123F4005337
:105A30004B60B4F84630C3F34E03A4F846309CE7FD
:105A400013F0010F4B6819D123F480434B60E38FAF
:105A5000C3F34E03E3878CE7236E84F85C5043F076
:105A600010032366A8E743F400534B60B4F84630B4
:105A7000C3F34E030133A4F846307EE743F480437A
:105A80004B60E38FC3F34E030133E38771E700BF3D
:105A9000AD5D00089D5D0008495E0008B95D000825
:105AA000DD5D000890F85DC0BCF1010F61D170B5FB
:105AB0000E4600295BD0B2FA82F513466D09002A22
:105AC00055D0826804465FFA8CFE002A53D145689F
:105AD000B5F5827F00F0978090F85C1001296AD0BC
:105AE000042184F85CE0266484F85D102168226655
:105AF000A4F84430A4F84630E2642265A287E28725
:105B00004B68E26823F40053A06DB2F5E06F4B6080
:105B10004B6852D923F480534B603F4B00253246EB
:105B20000C3103643D4B0565C3633D4BC364B4F85E
:105B300046309BB2FEF794F998B923681A6852066A
:105B400003D41A6842F040021A60002284F85C20F4
:105B50005A6842F020025A605A6842F001025A60C4
:105B600070BD236E84F85C5043F01003236601205F
:105B700070BD0220704790F85C1001291BD00421F1
:105B8000B2F5004F80F85CE080F85D1006640566B1
:105B90000168A0F84630A0F844308587C587C0E981
:105BA0001355ADD10B6823F040030B600B6823F451
:105BB00080430B60A4E7022070BD43F480534B6028
:105BC0008369B3F5005FA8D14B6823F480534B6021
:105BD000B4F8463013F0010F4B6809D123F4005399
:105BE0004B60B4F84630C3F34E03A4F8463094E754
:105BF00043F400534B60B4F84630C3F34E03013313
:105C0000A4F8463089E704250A4680F85D50BDE8CF
:105C10007040FFF769BE00BF9D5D0008DD5D0008B4
:105C2000B95D0008584B6421584A1B68A2FB032346
:105C300002685B0A30B501FB03F385B004460193AB
:105C4000019B0093536823F02003536053681D06A3
:105C500013D54F4B0365009B4BB1009B013B009359
:105C600094F85D30072B06D0009B002BF5D1236EF6
:105C700043F040032366019B00935368580612D5F6
:105C8000444BE36406E0009B013B009394F85D30D5
:105C9000072B06D0009B002BF5D1236E43F0400369
:105CA0002366019B00935368990727D5606D28B33D
:105CB00000230365FEF714F908B140232366226828
:105CC000536823F002035360FDF786FF0146204628
:105CD000FFF750FB08B1402323662268136823F0C6
:105CE00040031360FDF778FF642102462046FFF76A
:105CF00079FA002846D04023226823665368DB07E0
:105D000025D5A06D18B300230365FEF7E9F808B1A7
:105D1000402323662268136823F040031360FDF7D5
:105D20005BFF01462046FFF7D1FA08B14023236606
:105D3000FDF752FF642102462046FFF753FA08B1EF
:105D4000402323662268536823F001035360002335
:105D5000A4F84630E387216E402911D01846236607
:105D6000002301210293D568029595680295029D52
:105D7000039393680393039B84F85D1005B030BDD3
:105D80000120EDE72268B9E700000220F11976054D
:105D900091540008A5560008704700BF806B08B5F5
:105DA000FBF7C4F808BD00BF704700BF806B08B5A3
:105DB000FFF7FAFF08BD00BF806B0121026808B53C
:105DC000536823F003035360036E43F0100303662C
:105DD00080F85D10FBF7AEF808BD00BF38B505468A
:105DE000846BFDF7F9FE2B681B68DB0518D423686C
:105DF0000246A068596821F020015960B8B159687D
:105E000021F00101596064212046FFF7ABFB58B92E
:105E100001230022A4F8462084F85D30236E7BB96C
:105E20002046FBF785F838BD20232366F0E761683C
:105E3000B1F5827FE3D1596821F003015960E2E7AF
:105E40002046FBF777F838BD38B50546846BFDF77B
:105E5000C3FE2B681B68DB051BD422680146204665
:105E6000536823F020035360FFF784FA18B1236EC0
:105E700043F0200323662168002201204B6823F0B1
:105E800003034B60E287A4F8462084F85D00236E8C
:105E90001BB92046FFF780FF38BD2046FBF74AF8C4
:105EA00038BD00BF002800F09480F8B590F83D3070
:105EB000044603F0FF02002B7BD0226802234649F0
:105EC0004648B2F1804FA2EB010184F83D30A2EBCD
:105ED00000001368B1FA81F1D4F818E0B0FA80F04C
:105EE00066684FEA5111E7684FEA50102BD051BB5A
:105EF000DFF8F0C0624526D00CF5806C624522D0F8
:105F00000CF5806C62451ED0E8B935498A4255D0FF
:105F100001F580618A4251D001F580618A424DD0FD
:105F2000A1F598318A4249D001F580618A4245D075
:105F300001F580618A4241D023F08003D7629662E6
:105F40004EEA030511E0A56823F07003D4F810C0F1
:105F50002B43D762966249BB40BB23F4407343EAAC
:105F60000C0323F080034EEA03051168012300208F
:105F700041F0040111605361156084F8483084F8E1
:105F80003E3084F83F3084F8403084F8413084F863
:105F9000423084F8433084F8443084F8453084F843
:105FA000463084F8473084F83D30F8BD61691163AC
:105FB000D3E780F83C20FDF70BFC7EE7216923F452
:105FC0004073D7620B43966223F080034EEA0305C9
:105FD000CBE70120704700BF0000014000040140F2
:105FE000004001400004004090F83D30012B3DD1BD
:105FF000026802211E4BB2F1804F18BF9A4230B4A2
:106000000CBF012300231B4D1B4CAA4208BF43F0C9
:10601000010380F83D10D168A24208BF43F001039C
:1060200004F5806441F001011448A24208BF43F026
:106030000103D160824208BF43F0010310498A4244
:1060400008BF43F0010313B90E4B9A4207D1916880
:106050000D4B0B40062B06D0B3F5803F03D01368E1
:1060600043F001031360002030BC704701207047EB
:10607000000001400004004000080040000401400E
:10608000004001400018004007000100002800F017
:106090009480F8B590F83D30044603F0FF02002BE1
:1060A0007BD02268022346494648B2F1804FA2EBDA
:1060B000010184F83D30A2EB00001368B1FA81F1D0
:1060C000D4F818E0B0FA80F066684FEA5111E7683A
:1060D0004FEA50102BD051BBDFF8F0C0624526D0FC
:1060E0000CF5806C624522D00CF5806C62451ED0A8
:1060F000E8B935498A4255D001F580618A4251D0CC
:1061000001F580618A424DD0A1F598318A4249D08B
:1061100001F580618A4245D001F580618A4241D013
:1061200023F08003D76296624EEA030511E0A5686A
:1061300023F07003D4F810C02B43D762966249BB9A
:1061400040BB23F4407343EA0C0323F080034EEA80
:10615000030511680123002041F00401116053611F
:10616000156084F8483084F83E3084F83F3084F875
:10617000403084F8413084F8423084F8433084F869
:10618000443084F8453084F8463084F8473084F849
:106190003D30F8BD61691163D3E780F83C20FDF71D
:1061A00053FB7EE7216923F44073D7620B43966269
:1061B00023F080034EEA0305CBE70120704700BFC0
:1061C0000000014000040140004001400004004084
:1061D00010290AD8DFE801F0190909094A09090953
:1061E000520909095A090909620090F84330012B44
:1061F00060D10B1F0C2B59D8DFE803F03C585858DE
:10620000445858584C585858540090F83E30012B78
:1062100050D1022380F83E30036801F01F010122B3
:10622000186A8A4020EA020010B418622F4C196ADA
:10623000A34242EA01021A623ED02D4A93423BD069
:106240002C4A934202D0B3F1804F3AD199682A4A3E
:106250000A40062A06D0B2F5803F03D01A6842F001
:1062600001021A6000205DF8044B704790F83F303F
:10627000012B1FD1022380F83F30CDE790F840304A
:10628000012B17D1022380F84030C5E790F8413048
:10629000012B0FD1022380F84130BDE790F8423046
:1062A000012B07D1022380F84230B5E7022380F8A2
:1062B0004330B1E7012070475A6C42F400425A64FF
:1062C000C4E702F580620D480D49834218BF93422E
:1062D0000CBF012200228B4208BF42F00102002ABB
:1062E000B4D1084A9342B9D1B0E700BF00000140E1
:1062F000000401400004004007000100000C0040C1
:10630000004001400018004003684FF0010C10B439
:1063100001F01F041A6A0CFA04FC304C22EA0C0249
:10632000A3421A621A6A1A6213D02D4A934210D0FD
:106330001C6A2C4A224022B91C6A40F24442144290
:1063400016D0D9B9012380F83E3000205DF8044B07
:1063500070471C6A234A2240002AE9D11C6A40F295
:1063600044421442E4D15A6C22F400425A64DFE7FA
:106370001A6822F001021A600029E3D004390C29BE
:1063800008D8DFE801F0230707071C0707071507F0
:1063900007070E00012380F8433000205DF8044B0E
:1063A0007047012380F8423000205DF8044B7047AD
:1063B000012380F8413000205DF8044B7047012331
:1063C00080F8403000205DF8044B7047012380F8CE
:1063D0003F3000205DF8044B704700BF00000140D3
:1063E000000401401111110090F83C30012B00F025
:1063F00032810123844670B480F83C30142A16D8C8
:10640000DFE812F04E0015001500150079001500A8
:1064100015001500D500150015001500A700150082
:1064200015001500FF001500150015001B000023C6
:1064300001208CF83C3070BC704703681A6A186AF7
:1064400022F4001220F480101862A2485C685D6D8E
:1064500028400D6840EA05208D6842EA05529E4DAD
:10646000AB4200F0FA8005F58065AB4200F0F580A4
:106470005C60586548680969D8651A625A6D42F4CB
:1064800000625A655A6D22F480625A655A6D42EA7A
:1064900001225A65002300208CF83C3070BC704704
:1064A00003681A6A186A22F0020220F001001862DA
:1064B0008A485C689D6928400D6828438D682A4396
:1064C000854DAB4200F0D58005F58065AB4200F00C
:1064D000D0805C6098614868096958631A629A695B
:1064E00042F008029A619A6922F004029A619A695C
:1064F0000A439A61CEE703681A6A186A22F02002FA
:1065000020F01000186276485C689D6928400D688C
:1065100040EA05208D6842EA05126F4DAB4200F05B
:10652000BB8005F58065AB4200F0B6805C60986189
:106530004868096998631A629A6942F400629A612C
:106540009A6922F480629A619A6942EA01229A6108
:10655000A0E703681A6A186A22F4005220F48050F7
:1065600018625F485C68DD6928400D6840EA0520D4
:106570008D6842EA0532584DAB4200F0878005F540
:106580008065AB4200F082805C60D8614868096930
:1065900018641A62DA6942F40062DA61DA6922F494
:1065A0008062DA61DA6942EA0122DA6172E703683D
:1065B0001A6A186A22F4007220F480701862474840
:1065C0005C68DD6928400D6828438D6842EA052231
:1065D000414DAB426FD005F58065AB426BD05C603E
:1065E000D86148680969D8631A62DA6942F008021A
:1065F000DA61DA6922F00402DA61DA690A43DA61FF
:1066000048E703681A6A186A22F4003220F48030DE
:10661000186234485C685D6D28400D6828438D68B9
:1066200042EA05422C4DAB421DD005F58065AB42D8
:1066300019D05C6058654868096998651A625A6D96
:1066400042F008025A655A6D22F004025A655A6DEA
:106650000A435A651EE70220704724F480244D69DE
:1066600044EA852404E724F480344D6944EA05248F
:10667000DFE7CD6822F0080224F440742A43D1E910
:10668000055622F0040235432C4322E724F48044CB
:106690004D6944EA851477E7CD6822F0800224F43E
:1066A000406442EA0512D1E9055622F04002354322
:1066B00044EA85043AE7CD6822F4006224F44054A9
:1066C00042EA0522D1E9055622F48062354344EAC4
:1066D000051484E7FF8FFFFE000001408CFFFEFFE2
:1066E000FF8CFFFE8FFFFEFF90F83C200346012A3F
:1066F0000DD000684FF0020C002283F83DC04161CC
:106700000121104683F83C2083F83D107047022099
:10671000704700BF90F83C30012B6FD00246022337
:1067200030B40468012082F83D3082F83C004D4BC3
:10673000A5682B40A3600B68602B61D024D8402B48
:1067400077D04AD9502B17D14B68C868216A21F0FD
:106750000A011943236A23F001032362A36923F08A
:10676000F00343EA0013A3612162A36823F07003DE
:1067700043F05703A36000200121002382F83D105D
:1067800082F83C3030BC7047B3F5805FF3D0B3F58E
:10679000005F10D1A068D1E901532B43CD6820F4EC
:1067A0007F41002043EA05230B43A360A36843F421
:1067B0008043A360E0E7702BDED1A068D1E90153EC
:1067C0002B43CD6820F47F4143EA05230B43A360AC
:1067D000A36843F07703A360CDE7202B02D009D94B
:1067E000302BC9D1A16821F070010B4343F007039E
:1067F000A360C0E733F01001BED1F3E70220704779
:10680000236A4D68C86823F0A003216A43EA051390
:1068100021F010012162A16921F4704141EA0031A7
:10682000A1612362A36823F0700343F06703A360B0
:10683000A1E74B68C868216A21F00A011943236A5D
:1068400023F001032362A36923F0F00343EA00135A
:10685000A3612162A36823F0700343F04703A360A0
:1068600089E700BF8800FEFF704700BF704700BF88
:10687000704700BF704700BFF8B503680546DE6883
:106880001C69A10701D5B20757D4670701D5700766
:1068900040D4210701D532072AD4E70601D5F006F6
:1068A00013D4E10701D5F20765D414F4025F04F4B0
:1068B000807752D0330666D4600601D5710673D452
:1068C000A20601D5B3064DD4F8BD2B686FF01002B7
:1068D00028461A6108222A77DB6913F4407F74D1B5
:1068E000FFF7C2FF2846FFF7C3FF00232B77D8E747
:1068F0002B686FF0080228461A6104222A77DB69A8
:106900009B075FD1FFF7B0FF2846FFF7B1FF0023D9
:106910002B77C2E72B686FF0040228461A61022227
:106920002A779B6913F4407F49D1FFF79DFF2846E2
:10693000FFF79EFF00232B77ABE76FF002021A618F
:10694000012202779B699B0736D1FFF78DFF28460E
:10695000FFF78EFF00232B7797E7002FACD0370689
:106960001AD4A9E72B686FF0200228461A61BDE807
:10697000F84000F0CDB82B686FF0010228461A618C
:10698000FAF7F6F891E72B686FF4025228461A617D
:1069900000F0C0F8002F8FD02B686FF4807228466B
:1069A0001A6100F0B9F887E72B686FF040022846BB
:1069B0001A61FFF75FFF83E7FFF758FFCAE7FFF7AA
:1069C00055FFB7E7FFF752FFA1E7FFF74FFF8CE74F
:1069D00090F83C30012B4BD003680246022030B4C3
:1069E000244D82F83D00AB4258689C6829D005F5DB
:1069F0008065AB4225D0204D20F07000AB4218BF1F
:106A0000B3F1804F05F580650CBF4FF0010C4FF0DE
:106A1000000CAB4208BF4CF0010C05F58065AB42A1
:106A200008BF4CF0010C0D682843144D5860AB4270
:106A300014BF60464CF0010060B91148834209D090
:106A40000DE04D6820F4700028430D6820F07000C0
:106A500028435860896824F080040C439C6000231C
:106A60000121184682F83D1082F83C3030BC704756
:106A70000220704700000140000400400040014037
:106A80000018004090F83C30012B3DD00246486889
:106A900010B4D1E9024323F4407323430C6823F478
:106AA00080630343086923F4006323434C6923F4A0
:106AB00080530343886A23F4005323438C6923F4EF
:106AC00080430343106823F4702343EA04430F4CCC
:106AD000A0420BD004F58064A04207D0002143649B
:106AE00082F83C1008465DF8044B70474C6A23F46A
:106AF000700343EA0453D1E9074123F08073234331
:106B000023F000730B43E9E70220704700000140C7
:106B1000704700BF704700BF704700BF70B5C66FB9
:106B20000446202E23D101B31346B2FA82F2520951
:106B3000DBB1A0F85230C164A0F85030C0F8842016
:106B400021202568E067206FA0B1026505F12802C9
:106B5000104DC563104D0564104DC564FDF780F9F7
:106B600038B11023C4F88430E667012070BD0220DC
:106B700070BD256840232B6205F1080353E8003FF0
:106B800043F0800305F1080141E80032002AF3D107
:106B9000002070BD616C0008A96C0008BD6C000885
:106BA00038B50446036853E8002F22F4907243E896
:106BB00000210029F7D103F1080252E8002F22F04A
:106BC000010203F1080040E800210029F3D1226E00
:106BD000012A27D099681A4649060ED400230F21AE
:106BE0002025A4F85A3018461162916941F0080135
:106BF0009161C4F88050236638BD03F1080252E861
:106C0000002F22F0400203F1080040E80021002993
:106C1000F3D1606FB8B100230365FDF761F9A0B946
:106C20002268DBE753E8002F22F0100243E800213E
:106C30000029CFD053E8002F22F0100243E80021B2
:106C40000029EFD1C6E71A46C8E7606FFDF77AFA68
:106C50002028E5D110230320C4F8843038BD00BFBC
:106C600008B5C369806BB3F5807F18D00023026834
:106C7000A0F8523002F1080353E8003F23F08003EC
:106C800002F1080040E800310029F3D152E8003F4A
:106C900043F0400342E800310029F7D108BDFAF77C
:106CA0004DF908BD704700BF806B08B5FFF7FAFFCC
:106CB00008BD00BF704700BF704700BF806B03680E
:106CC000C16F10B5D0F880409A68120601D521290D
:106CD0000DD09A68520601D5222C16D0D0F88430F7
:106CE00043F01003C0F88430FAF72AF910BD0022EF
:106CF000A0F8522053E8002F22F0C00243E8002100
:106D00000029F7D12022C267E3E70022A0F85A2029
:106D100053E8002F22F4907243E800210029F7D1B4
:106D200003F1080252E8002F22F0010203F10804E7
:106D300044E800210029F3D1026E012A06D0002385
:106D400020228366C0F880200366C7E753E8002F3F
:106D500022F0100243E800210029F0D053E8002F70
:106D600022F0100243E800210029EFD1E7E700BF3D
:106D700008B5806B0023A0F85A30FAF7E1F808BD97
:106D8000012208B50346806B4266026E012A12D1C9
:106D9000B0F858101B684A08A0F85A205B689BB2EC
:106DA000994201D3A0F85A30B0F85A30C91A89B2C2
:106DB000FAF7C2F808BDFFF77FFF08BD08B5C36941
:106DC0008446806BB3F5807F29D000220368A0F849
:106DD0005A2053E8002F22F4807243E80021002952
:106DE000F7D103F1080252E8002F22F0010203F16B
:106DF000080E4EE800210029F3D103F1080252E801
:106E0000002F22F0400203F1080E4EE80021002975
:106E1000F3D12022C0F88020026E012A17D000236F
:106E20004366026E012A23D1DCF80020A0F85A3014
:106E30005368B0F858109BB2994201D9A0F85A3063
:106E4000B0F85A30C91A89B2FAF776F808BD53E893
:106E5000002F22F0100243E800210029DFD053E880
:106E6000002F22F0100243E800210029EFD1D6E7DD
:106E7000FFF720FF08BD00BF704700BF036840F662
:106E80000F0CDA69196812EA0C0F70B504469D6898
:106E900040F08380960602D58E0600F1FF80206EBA
:106EA000012824D0D60202D5680200F1FC80160623
:106EB00014D4500601D54A0600D470BD53E8002F03
:106EC00022F0400243E800210029F7D120220023CC
:106ED0002046E267E366FAF731F870BD0D06E8D5A3
:106EE000E36E002BE9D02046BDE870401847D60677
:106EF000D8D5C806D6D51021B4F85820196299689B
:106F0000490640F12C81606F0168496889B2002907
:106F100000F05F81914280F05C81A4F85A10C16951
:106F2000B1F5807F2FD053E8002F22F4807243E820
:106F300000210029F7D103F1080252E8002F22F0C6
:106F4000010203F1080545E800210029F3D103F10E
:106F5000080252E8002F22F0400203F1080545E83C
:106F600000210029F3D12022C4F88020216653E8B3
:106F7000002F22F0100243E800210029F7D1FCF78E
:106F8000AFFFB4F85820022320466366B4F85A10C5
:106F9000511A89B2F9F7D0FF70BD15F0010640F023
:106FA000A680904801423FF47AAFD5070FD5C805B7
:106FB00040F1D18001201862D4F8840040F0010033
:106FC000C4F8840090077AD5002E40F094805507CD
:106FD00040F19B80160700F1BB8016050AD54D01D4
:106FE00008D54FF400601862D4F8840040F0200007
:106FF000C4F88400D4F8840000283FF45EAF900603
:1070000006D5890604D5A26E12B1204690472368A2
:10701000D4F884109A6801F0280102F0400252EA84
:10702000010500F0D08053E8002F22F4907243E86D
:1070300000210029F7D103F1080252E8002F22F0C5
:10704000010203F1080040E800210029F3D1226E7B
:10705000012A63D000222021C4F88010226699689A
:10706000A2664A066BD503F1080252E8002F22F00F
:10707000400203F1080040E800210029F3D1606FCD
:1070800000285CD0584B0365FCF774FF00283FF4E0
:1070900014AF606FBDE87040036D1847836E002B1E
:1070A0007FF422AF09E74FF4801220461A62FFF7FF
:1070B000E3FE70BDC8053FF57DAF95071BD45007B3
:1070C00023D5002E86D0042015071862D4F884003A
:1070D00040F00200C4F884007FF57FAF08201862FA
:1070E000D4F8840040F00800C4F8840075E7D007A5
:1070F000E0D4950727D502201862D4F8840040F028
:107100000400C4F884005007DDD410077FF565AF94
:1071100001F0200030433FF460AFDFE753E8002F79
:1071200022F0100243E80021002993D053E8002FF9
:1071300022F0100243E800210029EFD18AE720461F
:10714000F9F7FEFE70BD5607BDD41007C6D444E75C
:107150008D06C3D441E795073FF539AFAFE7B4F8E3
:107160005A10B4F85A00521A80B291B200283FF473
:10717000A4AE00293FF4A1AE53E8002F22F4907290
:1071800043E800200028F7D103F1080252E8002F5D
:1071900022F0010203F1080545E800200028F3D1A0
:1071A0002022A066C4F88020206653E8002F22F039
:1071B000100243E800200028F7D10223204663662E
:1071C000F9F7BAFE70BD2046F9F7BAFEC4F884504C
:1071D00070BD91427FF471AEC369B3F5807FECD08E
:1071E00070BD00BF20010004716D00080169826854
:1071F00038B5044603680A43C06961691D680A43DB
:10720000964902432940E5680A431A605968A26911
:1072100021F4405129435960216A0A43996821F4B5
:1072200030610A438E498B429A603DD08D4A934229
:1072300016D08D4A934264D08C4A934200F0BB80B2
:107240008B4A93427BD08B4A93424DD08A4A9342D9
:1072500000F0D880894A934200F0EA8001203FE0A4
:10726000874BD3F8903003F00C030C2BF6D801A217
:1072700052F823F0997300085D7200085D720008EF
:107280005D7200081B7300085D7200085D720008E3
:107290005D720008F97200085D7200085D720008F6
:1072A0005D720008BB720008754BD3F8903003F094
:1072B0000303022B20D0032B37D1B0F5004F62D04F
:1072C0004FF4004063684FF6EF7200EB5300B0FBE1
:1072D000F3F0A0F110039342C0D82368D8600020D7
:1072E0000023C4E91A3338BD654BD3F8903003F45A
:1072F0004063B3F5006F79D1B0F5004F2DD06148F0
:10730000E0E75F4BD3F8903003F03003202BF3D04D
:107310004ED8002B40D0102BA0D1B0F5004F35D067
:10732000FDF730FC0028DAD0CCE7012BF5D0B0F522
:10733000004F55D0FDF76AFC0028D0D0C2E7504B73
:10734000D3F8903003F44073B3F5007FD4D02BD83A
:1073500013B3B3F5807FE0D080E74B4863684FF606
:10736000EF7200EB5300B0FBF3F3A3F11001914275
:107370003FF674AF23F00F02C3F34203216892B2C9
:107380001343CB60ABE74FF48030E7E7FDF7FAFB40
:107390000028A4D04000E1E7B0F5004F23D0FDF76E
:1073A00025FC00289BD08DE7B3F5407F85D055E7BD
:1073B000302B82D052E7324BD3F8903003F0C00329
:1073C000802B99D008D8002BE6D0402B7FF446AF15
:1073D000B0F5004FA4D1D9E7C02B3FF46EAF3DE725
:1073E000FDF714FCD4E7FDF701FCD1E705D8002B2D
:1073F0009DD0B3F5806F90D030E7B3F5406F3FF488
:107400005CAF2BE71E4BD3F8903003F44053B3F539
:10741000005F3FF471AF06D8002BBDD0B3F5805F9D
:107420003FF47BAF1AE7B3F5405F3FF446AF15E793
:10743000134BD3F8903003F44043B3F5004F3FF4BF
:107440005BAF06D8002BA7D0B3F5804F3FF465AFF4
:1074500004E7B3F5404F3FF430AFFFE6F369FFEFC9
:10746000001001400044004000480040004C004033
:10747000005000400014014000780040007C0040B3
:10748000003802400024F4000048E801436A1A076B
:1074900010B406D50168446B4A6822F400422243C6
:1074A0004A60DC0706D50168846A4A6822F4003223
:1074B00022434A60990706D50168C46A4A6822F4E3
:1074C000803222434A605A0706D50168046B4A6835
:1074D00022F4802222434A60DC0606D50168846BD0
:1074E0008A6822F4805222438A60990606D5016890
:1074F000C46B8A6822F4005222438A605A060AD575
:107500000168046C4A68B4F5801F22F4801242EAD4
:1075100004024A600BD01B0606D50268816C5368D2
:1075200023F400230B4353605DF8044B70474A6813
:10753000446C22F4C00222434A60ECE738B50023D1
:107540000446C0F88430FCF747FB22680546136800
:107550001B070ED4136859072FD400232022184686
:10756000E267C4F8802023666366002384F87830DD
:1075700038BDD3699802EDD40CE019681A46490762
:1075800005D5D969080749D4D969090574D4DB69D7
:107590009802DFD4FCF720FB431BB3F1007F236884
:1075A000EBD353E8002F22F0800243E800210029AA
:1075B000F7D12023E3670320D7E7D3695B02CCD45C
:1075C0000DE01A68500707D5DA69110700F18280CB
:1075D000DA69120500F1AC80DB695B02BDD4FCF70F
:1075E000FBFA431BB3F1007F2368EAD353E8002F73
:1075F00022F4907243E800210029F7D103F1080238
:1076000052E8002F22F0010203F1080040E80021B7
:107610000029F3D12023C4F88030CCE708221A6275
:1076200053E8002F22F4907243E800210029F7D19B
:1076300003F1080252E8002F22F0010203F10800D2
:1076400040E800210029F3D1226E012A0BD000224C
:1076500020200821C4F88000A266226684F87820E1
:10766000C4F884109DE753E8002F22F0100243E88D
:1076700000210029F7D1EAE74FF400621A6253E8CB
:10768000002F22F4907243E800210029F7D103F182
:10769000080252E8002F22F0010203F1080040E83E
:1076A00000210029F3D1226E012A0AD000222021D4
:1076B000A266C4F8801084F878202266C4F884108A
:1076C0006FE753E8002F22F0100243E80021002961
:1076D000F7D1EBE708221A6253E8002F22F49072E8
:1076E00043E800210029F7D103F1080252E8002FF6
:1076F00022F0010203F1080040E800210029F3D143
:10770000226E012A0BD0002220200821C4F880001C
:10771000A266226684F87820C4F8841066E753E8ED
:10772000002F22F0100243E800210029F7D1EAE7F8
:107730004FF400621A6253E8002F22F4907243E87B
:1077400000210029F7D103F1080252E8002F22F0AE
:10775000010203F1080040E800210029F3D1226E64
:10776000012A0AD000222021A266C4F8801084F8E1
:1077700078202266C4F8841038E753E8002F22F0FE
:10778000100243E800210029F7D1EBE770B3C36F83
:1077900010B504462BB322682423616AE36713689B
:1077A00023F001031360C1B92046FFF71FFD012834
:1077B00011D0236820465A6822F490425A609A6891
:1077C00022F02A029A601A6842F00102BDE81040D5
:1077D0001A60FFF7B3BE012010BD2046FFF756FE2A
:1077E000E2E780F87830FCF775F8D4E701207047BD
:1077F00070B51346002622220546C0F88460416514
:10780000A0F85830C0F88020406F2C6868B10A4654
:1078100004F124011A4C0665C4631A4C04641A4C22
:10782000C464FCF71DFB18BB2C682B693BB154E802
:10783000003F43F4807344E80032002AF7D104F19A
:10784000080353E8003F43F0010304F1080141E855
:107850000032002AF3D104F1080353E8003F43F05B
:10786000400304F1080242E800300028F3D170BD63
:10787000102220230120C5F88420C5F8803070BD77
:10788000BD6D0008816D0008BD6C000870B5D0F8B2
:107890008060202E10D169B1B2FA82F56D094AB12B
:1078A0000123044603664566FFF7A2FF18B9236E5D
:1078B000012B03D0012070BD022070BD226810236F
:1078C000136252E8003F43F0100342E80031002900
:1078D000F7D170BD406E7047EFF305837BB9EFF3CE
:1078E000108343B9EFF311832BB9084B186848B9DB
:1078F00001221A607047054B18680228F7D16FF013
:10790000050070474FF0FF30704700BF7040022005
:1079100008B5EFF30583C3B9EFF310835BB10C4BEC
:107920001A68022A11D0012A0CD102221A6001F031
:1079300019FA002008BDEFF31183002BEFD1044B9F
:107940001A68F0E74FF0FF3008BD6FF0050008BD82
:1079500070400220EFF3058343B9EFF310833BB18E
:10796000084B1B68022B01D001F08ABA01F08EBAD5
:10797000EFF31183002BF7D0024B1B68022BF3D1DE
:10798000F4E700BF70400220F0B5002587B0144630
:107990000595EFF305827ABBEFF310837BBBEFF322
:1079A000118363BB78B3E4B1A5697DB36B1E372B3C
:1079B00022D86368DB071FD463694BB39A08A668B3
:1079C000D4F800C0E7682EB3A72F1CD92469D3B11F
:1079D000CCB10B4600956146CDE9014601F052F964
:1079E0000BE0802218250B46214605AC009501943A
:1079F00001F088F9012806D0002007B0F0BD094B3E
:107A00001B68022BCED1059807B0F0BD1825D0E732
:107A10008022D4E7002FF6D12369002BF3D192B254
:107A20006446E0E77040022000B300291EDB4FF0FF
:107A3000FF3330B585B004460293EFF30583C3B935
:107A4000EFF31083002B34D01C4B1B68022B10D09B
:107A500000230122204601F021FE002202AB204635
:107A6000114601F01BFE029805B030BD6FF0030017
:107A70007047002503A801222B460090204603955D
:107A800001F090FE02AB2A4629462046009501F0FF
:107A900089FE039B002BE6D04FF0E0234FF080528D
:107AA000C3F8042DBFF34F8FBFF36F8F029805B05B
:107AB00030BDEFF31183002BCAD0C5E77040022020
:107AC0002DE9F04782B0EFF3058373BB06461546F8
:107AD000EFF310830BB34A4B1B68022B25D0002E0B
:107AE0005BDB11F0020F01F001040CBFB0464FF058
:107AF000000801F0C5F98146002D5AD0DCB901AF6C
:107B00002B463A464146002001F052FD012832D072
:107B1000002848D06FF00104F2E7EFF31183002B47
:107B2000DDD0374B1B68022BD9D16FF005042046FE
:107B300002B0BDE8F087002401AF2B463A4641462B
:107B4000002001F035FD012803D060B36FF001047F
:107B5000F3E7019B34401C4336EA0403E7D001F00D
:107B60008FF9A0EB090209EB05039542A3EB000591
:107B7000E3D20025E1E7019B34401C4316EA040AE6
:107B8000D5D101F07DF9A0EB090209EB050395427F
:107B9000A3EB0005B4D25546B2E76FF003042046CC
:107BA00002B0BDE8F0876FF00104204602B0BDE8E6
:107BB000F08701AF1CB113E06FF00204E8B10023BD
:107BC0003A464146184601F0F3FC0128F4D134400E
:107BD000019B1C43264210D0A9E76FF0020560B15B
:107BE00000233A464146184601F0E2FC0128F4D150
:107BF0003540019C2C43A64399D06FF0020496E7D0
:107C00007040022008B5EFF30583ABB9EFF31083A2
:107C100033B10B4B1B68022B0ED050B9002008BDAE
:107C2000EFF31183002BF8D0054B1B68022BF4D126
:107C300002E001F08BFAF1E76FF0050008BD00BF2C
:107C400070400220EFF30583FBB930B5144685B0D0
:107C5000EFF31083A3B9EFF311838BB968B161B16E
:107C6000ACB1D4E90232F3B14F2A06D9226922B16C
:107C700001FB00FC6569654523D2002005B030BDDD
:107C8000134B1B68022BE9D1F7E70020704722460F
:107C900000F0DAF90028F0D02146039000F0FEFD54
:107CA000039805B030BD002AE7D12369002BE4D149
:107CB0006269002AE1D100F0C7F90028DDD024680C
:107CC000EAE70025009500F049F90028F7D1D4E74C
:107CD0007040022010B51C4682B0EFF30583C3B993
:107CE000EFF31083002B36D0234B1B68022B10D0F0
:107CF00000283DD0B1FA81F35B09002938D0224633
:107D000000F0E6F9012818D074B36FF0010002B05A
:107D100010BD003C18BF0124002908BF44F0010435
:107D200034BBB0FA80F35B0910B301AA019300F0F1
:107D300059FB012818D1019B13B9002002B010BDD6
:107D40004FF0E0234FF08052C3F8042DBFF34F8F64
:107D5000BFF36F8FF1E7EFF31183002BC8D0064B11
:107D60001B68022BC4D1D4E76FF0020002B010BD33
:107D70006FF00300E2E700BF7040022010B51C4620
:107D800082B0EFF30583ABB9EFF31083002B33D050
:107D9000214B1B68022B0DD000283AD0002938D087
:107DA000224600F08BFB012818D074B36FF001005D
:107DB00002B010BD003C18BF0124002908BF44F0E8
:107DC000010434BBB0FA80F35B0910B301AA01933C
:107DD00000F002FD012818D1019B13B9002002B068
:107DE00010BD4FF0E0234FF08052C3F8042DBFF3D5
:107DF0004F8FBFF36F8FF1E7EFF31183002BCBD0E1
:107E0000054B1B68022BC7D1D4E76FF0020002B00C
:107E100010BD6FF00300E2E770400220044B10B485
:107E200003608023034C0C605DF8044B13607047C3
:107E3000C83F0220C83D0220054B10B403604FF438
:107E40008073044C0C605DF8044B1360704700BFF6
:107E5000203D02202039022000F108034FF0FF31BD
:107E60000022816002604360C0E90333704700BFB5
:107E700000230361704700BF03684268013310B4F8
:107E80009468C1E90124616091605DF8044B086168
:107E90000360704730B40D686B1C10D000F108030C
:107EA0001C465B681A68AA42FAD902684B60013224
:107EB00099608C6061600861026030BC7047046941
:107EC0006368F2E7036910B45C68D0E90112844288
:107ED0005DF8044B8A6051604FF0000108BF5A60A2
:107EE0001A680161013A1A601868704770B5164641
:107EF000026C0446856B2AB9066801354EB31046FC
:107F0000A56370BD7EB9406802F082FA6368216C97
:107F1000A2680B449342636024BF23686360013509
:107F20000020A56370BDC06802F072FA226CE3689D
:107F300051429B1A22689342E36002D2A3680B4429
:107F4000E360022EEBD1012D4FF0000038BF012578
:107F5000D6E7806801F0E4FAA660D1E730B583B0D7
:107F60009DF8185050B94FF0500372B683F3118842
:107F7000BFF36F8FBFF34F8F62B6FEE71C4663B14E
:107F80003AB3A9B94FF0500372B683F31188BFF327
:107F90006F8FBFF34F8F62B6FEE74FF0500372B69C
:107FA00083F31188BFF36F8FBFF34F8F62B6FEE785
:107FB0007AB150230193019B502B17D04FF05003FF
:107FC00072B683F31188BFF36F8FBFF34F8F62B622
:107FD000FEE70029EDD04FF0500372B683F311880D
:107FE000BFF36F8FBFF34F8F62B6FEE7002908BF64
:107FF0002246019B0123E0632260216484F846301D
:1080000001F0D8FE226804F110006260D4E90F315B
:1080100001FB03F3591A13440A44A3600021FF2310
:10802000E260A16384F8443084F84530FFF714FF20
:1080300004F12400FFF710FF01F0E2FE204684F86F
:108040004C5003B030BD00BFF8B550B94FF05003ED
:1080500072B683F31188BFF36F8FBFF34F8F62B691
:10806000FEE7054601FB00F00E461746503001F0D2
:10807000F3FF044640B3002380F8463036B300F1E6
:1080800050032360C4E90F5601F094FE226804F106
:1080900010006260D4E90F3101FB03F3591A134455
:1080A0000A44A3600021FF23E260A16384F8443006
:1080B00084F84530FFF7D0FE04F12400FFF7CCFE32
:1080C00001F09EFE84F84C702046F8BD0346D8E7C8
:1080D0002DE9F04784B00192002800F0078188461E
:1080E00004461F46002900F09980022F0DD1E36B52
:1080F000012B0AD04FF0500372B683F31188BFF3FF
:108100006F8FBFF34F8F62B6FEE701F0F9F90028D9
:1081100000F0F780A7F10209002504F12406B9FA5E
:1081200089F94FEA591901F045FEA26BE36B9A42B7
:10813000C0F0F680B9F1000F40F0F280019B002BF7
:1081400000F00781002D00F0CD8001F059FE00F015
:108150008FFE01F02FFE94F84430FF2B02D1002354
:1081600084F8443094F84530FF2B02D1002384F882
:10817000453001F045FE01A902A801F075F900287B
:1081800040F0EB8001F016FEA26BE36B9A4254D0F4
:1081900001F036FE01F00EFE94F8452055B2002D98
:1081A00004DC11E06A1ED3B255B26BB1636A30468B
:1081B00053B101F005F90028F4D001F09BF96A1ED3
:1081C000D3B255B2002BF1D1FF2384F8453001F032
:1081D00017FE01F0EFFD94F8442055B2002D14DD98
:1081E00004F1100A03E06A1ED3B255B26BB12369E1
:1081F000504653B101F0E4F80028F4D001F07AF9C8
:108200006A1ED3B255B2002BF1D1FF2384F844305B
:1082100001F0F6FD00F088FF012584E7036C002BD8
:108220003FF463AF4FF0500372B683F31188BFF38E
:108230006F8FBFF34F8F62B6FEE704F1100A01F0B3
:10824000DFFD0199504601F029F801F0B3FD94F8E3
:1082500045305DB2002D04DC11E06B1EDAB25DB278
:108260006AB1636A304653B101F0AAF80028F4D02D
:1082700001F040F96B1EDAB25DB2002AF1D1FF23A2
:1082800084F8453001F0BCFD01F094FD94F84430D1
:108290005DB2002D04DC11E06B1EDAB25DB26AB192
:1082A0002369504653B101F08BF80028F4D001F057
:1082B00021F96B1EDAB25DB2002AF1D1FF2384F8F6
:1082C000443001F09DFD00F02FFF0028A4D14FF0B5
:1082D000E0234FF08052C3F8042DBFF34F8FBFF35C
:1082E0006F8F99E702A801F0B3F82EE74FF0500323
:1082F00072B683F31188BFF36F8FBFF34F8F62B6EF
:10830000FEE7019B002B3FF405AF4FF0500372B620
:1083100083F31188BFF36F8FBFF34F8F62B6FEE711
:108320003A4641462046FFF7E1FD636A002B51D1F2
:1083300048B14FF0E0234FF08052C3F8042DBFF353
:108340004F8FBFF36F8F01F05BFD012004B0BDE8DC
:10835000F08701F055FD0020F8E701F02BFD94F8BF
:1083600045305DB2002D10DD04F1240603E06B1EE4
:10837000DAB25DB24AB1636A304633B101F020F837
:108380000028F4D001F0B6F8F1E7FF2384F8453077
:1083900001F036FD01F00EFD94F844305DB2002D81
:1083A00010DD04F1100603E06B1EDAB25DB24AB1D3
:1083B0002369304633B101F003F80028F4D001F00E
:1083C00099F8F1E7FF2384F8443001F019FD00F03B
:1083D000ABFEC0E704F1240000F0F2FF0028B2D0A9
:1083E000A7E700BF002850D02DE9F0410E46044613
:1083F00017461D4659B3022D0DD1E36B012B0AD050
:108400004FF0500372B683F31188BFF36F8FBFF341
:108410004F8F62B6FEE701F0EDFDEFF311884FF0EC
:10842000500372B683F31188BFF36F8FBFF34F8F82
:1084300062B6A26BE36B9A4217D3A5F10200B0FAC1
:1084400080F0400988B988F31188BDE8F081036C99
:10845000002BD0D04FF0500372B683F31188BFF3D6
:108460006F8FBFF34F8F62B6FEE72A4694F84550F0
:10847000314620466DB2FFF739FD6B1C10D06B1CE6
:108480005BB284F845300120DDE74FF0500372B64F
:1084900083F31188BFF36F8FBFF34F8F62B6FEE790
:1084A000636A002BEFD004F1240000F089FF00285C
:1084B000E9D0002FE7D001233B60E4E72DE9F0434A
:1084C00085B00192002800F06A810F460446002919
:1084D00000F0988001F014F8002800F0A28001F06C
:1084E00069FCA56B002D76D1019B002B00F0FA8072
:1084F000A84604F1240602A800F0AAFF01F080FCBF
:1085000000F0B6FC01F056FC94F84430FF2B01D18A
:1085100084F8448094F84530FF2B01D184F84580DD
:1085200001F06EFC01A902A800F09EFF002840F0B7
:10853000878001F03FFCA36B002B00F0D98001F095
:108540005FFC01F037FC94F845305DB2002D14DD7E
:1085500004F1240903E06B1EDAB25DB26AB1636A0A
:10856000484653B100F02CFF0028F4D000F0C2FFC1
:108570006B1EDAB25DB2002AF1D1FF2384F84530D8
:1085800001F03EFC01F016FC94F844305DB2002D81
:1085900014DD04F1100903E06B1EDAB25DB26AB1BA
:1085A0002369484653B100F00BFF0028F4D000F0D7
:1085B000A1FF6B1EDAB25DB2002AF1D1FF2384F86D
:1085C000443001F01DFC00F0AFFD01F0F3FBA56BA2
:1085D000002D00F08380226C52B1E168A368114441
:1085E0009942E16001D32168E160384601F010FF53
:1085F000013DA5632369002B40F0DC8001F000FC05
:10860000012072E0036C002B3FF464AF4FF0500385
:1086100072B683F31188BFF36F8FBFF34F8F62B6CB
:10862000FEE7019B002B3FF45AAF4FF0500372B6A8
:1086300083F31188BFF36F8FBFF34F8F62B6FEE7EE
:1086400001F0B8FB94F845305DB2002D04DC11E078
:108650006B1EDAB25DB26AB1636A304653B100F0A4
:10866000AFFE0028F4D000F045FF6B1EDAB25DB219
:10867000002AF1D1FF2384F8453001F0C1FB01F05D
:1086800099FB94F844305DB2002D14DD04F110091B
:1086900003E06B1EDAB25DB26AB12369484653B19A
:1086A00000F08EFE0028F4D000F024FF6B1EDAB23A
:1086B0005DB2002AF1D1FF2384F8443001F0A0FB21
:1086C00000F032FD01F076FBA36B5BB101F098FB8B
:1086D00001F070FBA56B002D7FF47DAF019B002B9B
:1086E0007FF40CAF01F08CFB002005B0BDE8F083F7
:1086F00004F1240901F084FB0199484600F0CEFD05
:1087000001F058FB94F845305DB2002D04DC11E017
:108710006B1EDAB25DB26AB1636A484653B100F0CB
:108720004FFE0028F4D000F0E5FE6B1EDAB25DB219
:10873000002AF1D1FF2384F8453001F061FB01F0FC
:1087400039FB94F844305DB2002D14DD04F11009BA
:1087500003E06B1EDAB25DB26AB12369484653B1D9
:1087600000F02EFE0028F4D000F0C4FE6B1EDAB23A
:108770005DB2002AF1D1FF2384F8443001F040FBC0
:1087800000F0D2FC0028A3D14FF0E0234FF080523C
:10879000C3F8042DBFF34F8FBFF36F8F98E74FF0EF
:1087A000500372B683F31188BFF36F8FBFF34F8FFF
:1087B00062B6FEE704F1100000F002FE00283FF46C
:1087C0001DAF4FF0E0234FF08052C3F8042DBFF3EC
:1087D0004F8FBFF36F8F11E72DE9F84330B30F468A
:1087E00004461646A1B101F005FCEFF311894FF0E4
:1087F000500372B683F31188BFF36F8FBFF34F8FAF
:1088000062B6A56BEDB9284689F31188BDE8F883F7
:10881000036C002BE7D04FF0500372B683F311883E
:10882000BFF36F8FBFF34F8F62B6FEE74FF0500379
:1088300072B683F31188BFF36F8FBFF34F8F62B6A9
:10884000FEE794F84480226C4FFA88F842B1E16860
:10885000A36811449942E1601CD2384601F0D8FD6A
:10886000013DB8F1FF3FA56306D008F101035BB2FB
:1088700084F844300120C7E72369002BFAD004F1C3
:10888000100000F09DFD002EF4D00028F2D001234E
:108890003360EFE72168E160DFE700BF124B1A6841
:1088A0007AB19A6862B11A6992B19A6992B11A6AF8
:1088B00092B19A6A92B11A6B92B19A6B92B1704767
:1088C000012203EBC20C43F83210CCF804007047CD
:1088D0000222F6E70322F4E70422F2E70522F0E79A
:1088E0000622EEE70722ECE77840022070B5054645
:1088F0000E46144601F05EFA95F84430FF2B02D183
:10890000002385F8443095F84530FF2B02D1002331
:1089100085F8453001F074FAAB6B002B43D001F0C1
:1089200049FA95F845305CB2002C14DD05F12406B7
:1089300003E0631EDAB25CB26AB16B6A304653B1CF
:1089400000F03EFD0028F4D000F0D4FD631EDAB242
:108950005CB2002AF1D1FF2385F8453001F050FACE
:1089600001F028FA95F844305CB2002C14DD05F1D2
:10897000100603E0631EDAB25CB26AB12B693046BE
:1089800053B100F01DFD0028F4D000F0B3FD631ECC
:10899000DAB25CB2002AF1D1FF2385F84430BDE899
:1089A000704001F02DBA2246314605F1240000F056
:1089B000BBFCB4E72DE9F843054601F0FBF9344A66
:1089C000344E1368013313603368002B31D0324CBE
:1089D000E86A236833B3314F314A324913680133AF
:1089E00013606B640B68834200D2086000EB800068
:1089F000291D07EB8000FFF73FFA01F001FA236819
:108A000073B13268EB6AD26A9A4209D24FF0E0231E
:108A10004FF08052C3F8042DBFF34F8FBFF36F8F19
:108A2000BDE8F88333681D4FDB6A8342D4D83560D4
:108A3000D2E735601368012B03D0E86A174F164C54
:108A4000CAE7164F3C4607F58C6820461434FFF7FA
:108A500003FAA045F9D1DFF86490DFF86480484656
:108A60000D4CFFF7F9F94046FFF7F6F90E48FFF70E
:108A7000F3F90E48FFF7F0F90D48FFF7EDF90D4B4C
:108A8000E86AC3F800900C4BC3F80080A4E700BF6D
:108A9000DC400220B0450220D0400220504102209C
:108AA000C0400220D44002200C410220F8400220A5
:108AB000E040022024410220204102203C410220CB
:108AC000284102202DE9F0470A9C960007460D46F2
:108AD0003246A521206B9846DDF82490043E01F033
:108AE0000DFC236B1E4426F00706002D72D02B7858
:108AF00084F83430002B36D06B7884F8353093B35B
:108B0000AB7884F8363073B3EB7884F8373053B3EE
:108B10002B7984F8383033B36B7984F8393013B358
:108B2000AB7984F83A30F3B1EB7984F83B30D3B1C8
:108B30002B7A84F83C30B3B16B7A84F83D3093B132
:108B4000AB7A84F83E3073B1EB7A84F83F3053B19E
:108B50002B7B84F8403033B16B7B84F8413013B108
:108B6000AB7B84F84230002384F84330089D4FF0FB
:108B7000000A201D372DC4F850A028BF3725E56214
:108B8000E564C5F13805FFF773F904F11800FFF744
:108B90006FF951464C22A561C4F8A0A004F154001D
:108BA0002461646284F8A4A001F0A8FB0B4B424648
:108BB000394603F16805A365D0333046E565236681
:108BC00001F0CCF82060B9F1000F01D0C9F80040E5
:108BD000BDE8F08784F83450C8E700BF00470320A1
:108BE00080B5244D244F254EDFF894802B686BB35D
:108BF00001F0E0F8FB68DC68201DFFF763F93368DB
:108C0000013B33602B68013B2B6001F0F9F804F164
:108C1000540001F07BFB94F8A53073B1012B24D0F4
:108C2000022BE3D04FF0500372B683F31188BFF3E9
:108C30006F8FBFF34F8F62B6FEE7206B01F0C6FA6D
:108C4000204601F0C3FA2B68002BD1D1D8F80030B0
:108C5000012BCBD94FF0E0234FF08052C3F8042D05
:108C6000BFF34F8FBFF36F8FC0E7204601F0AEFA1E
:108C7000BCE700BFF4400220F8400220DC400220A4
:108C80005041022030B587B00B9CE4B10C9D7DB102
:108C9000A8250595059DA82D20D04FF0500372B64C
:108CA00083F31188BFF36F8FBFF34F8F62B6FEE778
:108CB0004FF0500372B683F31188BFF36F8FBFF389
:108CC0004F8F62B6FEE74FF0500372B683F3118800
:108CD000BFF36F8FBFF34F8F62B6FEE70C9D2C631F
:108CE000022402950A9D00950C9D85F8A54004ACD0
:108CF000059D0194FFF7E6FE0C98FFF75BFE0498D4
:108D000007B030BD2DE9F043074685B09000154609
:108D10008846994601F0A0F9F0B10446A82001F078
:108D20009BF90646A8B1046300244B462A4686F800
:108D3000A54041460D9C3846029601940C9C009437
:108D4000FFF7C0FE3046FFF735FE012005B0BDE855
:108D5000F083204601F03AFA4FF0FF3005B0BDE84D
:108D6000F08300BF30B58BB0002407AA06A905A880
:108D7000CDE90544FFF752F8059DDDE90632DBB188
:108D80007DB1A82109910999A82920D04FF050035D
:108D900072B683F31188BFF36F8FBFF34F8F62B644
:108DA000FEE74FF0500372B683F31188BFF36F8F65
:108DB000BFF34F8F62B6FEE74FF0500372B683F3F6
:108DC0001188BFF36F8FBFF34F8F62B6FEE70221AA
:108DD0002B63204885F8A51008A9099B2346009419
:108DE000CDE901151C49FFF76DFE2846FFF7E2FDAE
:108DF000089B8BB100F010FF012803460ED0013311
:108E00000AD14FF0500372B683F31188BFF36F8F0E
:108E1000BFF34F8F62B6FEE70BB030BD4FF050028C
:108E200072B682F31188BFF36F8FBFF34F8F62B6B4
:108E30000A4A0B4912680B4854320A604FF0FF325D
:108E400009490260094A0B6014600BB0BDE830406C
:108E500001F04CB8E18B000870AE0008B04502206C
:108E600010000220BC400220D0400220D840022046
:108E7000024A136801331360704700BFB8400220F4
:108E8000014B1868704700BFD840022008B501F0B8
:108E9000B1F8014B186808BDD84002204F4B1B6841
:108EA0002DE9F04F83B0002B44D14D4B1E680136A5
:108EB0001E60002E4CD04B4B01931B68B3425FD811
:108EC000494F3B681D68002D76D00025DFF82C91B6
:108ED000DFF82CA1DFF82C8120E0FEF7F3FFA36A76
:108EE00004F118000BB1FEF7EDFFE06A5946D8F81F
:108EF0000030984201D9C8F8000000EB800009EB6F
:108F00008000FEF7B9FFDAF80030E26ADB6A9A42C5
:108F100028BF01253B681B68002B51D03B68DB68EC
:108F2000DC68636804F1040B9E425846D5D2019A6E
:108F300013602AE02D4A00251368013313602C4B7F
:108F40001B68002B0CBF2846012003B0BDE8F08F42
:108F5000254B1A68126822BB264A186811681960E6
:108F6000254910600A6801320A601A68126862BBFB
:108F70001C4B1A4601934FF0FF33136013469CE7D6
:108F80000025DFF87890DFF878A0DAF80030DB6AA7
:108F900003EB83039B0059F80330022B28BF012504
:108FA000CDE74FF0500372B683F31188BFF36F8F94
:108FB000BFF34F8F62B6FEE7DFF84090DFF840A0C6
:108FC0004FF0FF33019A1360DFE71B68054ADB6847
:108FD0000192DB685B68136013466EE7B8400220BD
:108FE000D8400220BC40022024410220CC40022074
:108FF000C840022020410220C440022050410220EB
:10900000B0450220D44002202DE9F84F00F0D2FEF6
:109010003B4B1A68013A1A601B68002B5AD1394B36
:109020001B68002B56D0384D2B68002B65D0374E6F
:109030004FF0010ADFF8E880354FDFF8E890EB6881
:10904000DC6804F1040B04F11800FEF73BFF5846FE
:10905000FEF738FFE36A3268594603EB8300934218
:1090600008EB800000D93360FEF706FF3B68E26A38
:10907000DB6A9A4234D3C9F800A02B68002BDED1FA
:10908000244B1A681268002A32D01A68224BD26820
:10909000D26852681A60214E346844B10125FFF746
:1090A000FDFE08B1C9F80050013CF8D13460D9F890
:1090B00000307BB14FF0E0234FF08052C3F8042D15
:1090C000BFF34F8FBFF36F8F012400F099FE20464E
:1090D000BDE8F88F002400F093FE2046BDE8F88F2D
:1090E0002B68002BABD10B4B1A681268002ACCD12D
:1090F000094B4FF0FF321A60CDE7DFF82890CAE73E
:10910000B8400220DC4002200C410220D440022062
:10911000B045022024410220BC400220CC40022065
:1091200050410220C8400220074B1B6853B94FF042
:10913000500372B683F31188BFF36F8FBFF34F8F65
:1091400062B6FEE7FFF760BFB8400220F8B550B93D
:109150004FF0E0234FF08052C3F8042DBFF34F8F40
:10916000BFF36F8FF8BD204D2B6853B14FF0500304
:1091700072B683F31188BFF36F8FBFF34F8F62B660
:10918000FEE72B68044601332B60184B184E1F680E
:1091900030680430FEF796FEE41933685C6017D33C
:1091A000144B186831680431FEF774FE2B6853B90C
:1091B0004FF0500372B683F31188BFF36F8FBFF384
:1091C0004F8F62B6FEE7FFF71FFF0028C0D0F8BD43
:1091D000094B186831680431FEF75CFE074B1A68CA
:1091E0009442E3D21C60E1E7B8400220D84002205C
:1091F000B04502202041022024410220BC40022030
:10920000204B1B681BB1204B01221A6070471E4A7D
:109210001E4910B41E4C1360236803EB83029800B0
:1092200092008A5842B9F3B1013B03EB83029800E4
:1092300051F82220002AF6D0184401EB800CDCF80B
:1092400004106246496808329142CCF8041015D0E7
:10925000104AC86810491060236013685DF8044B19
:1092600054330B6070474FF0500372B683F311888C
:10927000BFF36F8FBFF34F8F62B6FEE74968CCF83C
:109280000410E5E7B8400220C84002205041022007
:10929000D4400220B045022010000220F0B170B589
:1092A0001B4D0C4629681831FEF7F4FD194B1E685A
:1092B00028680430FEF706FE631C22D0A4192B6830
:1092C0005C6016D2144B186829680431FEF7E2FD81
:1092D000124B1A68944200D21C6070BD4FF05003CC
:1092E00072B683F31188BFF36F8FBFF34F8F62B6EF
:1092F000FEE70B4B18682968BDE870400431FEF7A3
:10930000C9BD296807480431BDE87040FEF7B4BD07
:10931000B0450220D840022024410220BC40022057
:1093200020410220E040022058B370B51E4E0C468A
:10933000154631681831FEF79FFD65B11B4B1B6860
:1093400030680430FEF7BEFD316819480431BDE8CD
:109350007040FEF791BD154B1D6830680430FEF774
:10936000B1FD641933685C6016D2124B186831681D
:109370000431FEF78FFD104B1A68944200D21C6036
:1093800070BD4FF0500372B683F31188BFF36F8F37
:10939000BFF34F8F62B6FEE7084B18683168BDE82F
:1093A00070400431FEF776BDB0450220D84002205F
:1093B000E040022024410220BC4002202041022043
:1093C00038B5C368DC684CB304F118052846FEF7CD
:1093D00079FD194B1B6873B129461848FEF74CFDFF
:1093E000174BE26A1B68DB6A9A4222D90123154AAD
:1093F0001846136038BD251D2846FEF763FD124B45
:10940000E06A1A68904200D91860104B00EB8000A7
:10941000294603EB8000FEF72FFDE1E74FF05003F4
:1094200072B683F31188BFF36F8FBFF34F8F62B6AD
:10943000FEE7002038BD00BFB84002200C410220EA
:10944000B0450220C8400220D440022050410220F2
:10945000034A044B12681B68C0E90023704700BF31
:10946000C4400220D8400220F8B518B30D46B1B16F
:10947000044600F09FFC2B681C4A581C116830D031
:10948000DFF86CC02668DCF800706068BE421CD053
:1094900088421AD8012400F0B3FC2046F8BD4FF0F2
:1094A000500372B683F31188BFF36F8FBFF34F8FF2
:1094B00062B6FEE74FF0500372B683F31188BFF334
:1094C0006F8FBFF34F8F62B6FEE7A1EB000E7345BF
:1094D00009D95B1ADCF80010126803442B60C4E958
:1094E00000120024D7E700232B60D3E7D8400220E6
:1094F000C4400220014B01221A607047C84002207C
:10950000054B1B6833B1054B1868B0FA80F0400971
:109510004000704701207047D0400220B840022030
:1095200028B338B51F4B1C6884420AD04FF0500353
:1095300072B683F31188BFF36F8FBFF34F8F62B69C
:10954000FEE7236D43B1E16A013BE26C2365914282
:1095500000D073B1002038BD4FF0500372B683F3D2
:109560001188BFF36F8FBFF34F8F62B6FEE7002005
:109570007047251D2846FEF7A5FCE06C0A4BC0F19C
:109580003802E062A2611A68904200D91860074B65
:1095900000EB8000294603EB8000FEF76DFC012004
:1095A00038BD00BFB0450220D44002205041022007
:1095B0002DE9F041334C1D4606468846174600F01B
:1095C000F9FB236893F8A430022B0BD02268012109
:1095D000D2F8A03023EA0603C2F8A030236883F84B
:1095E000A410BDB900F00CFC00F0E4FB1FB123682F
:1095F000D3F8A0303B60236893F8A430022B26D028
:1096000000252368002283F8A42000F0F9FB2846F7
:10961000BDE8F0811C4B1E6820680430FEF752FC48
:109620006B1C1DD0AD1923685D601FD3174B1868E4
:1096300021680431FEF72EFC4FF0E0234FF08052FA
:10964000C3F8042DBFF34F8FBFF36F8FCAE72268B3
:109650000125D2F8A03023EA0803C2F8A030D0E7F1
:1096600021680B480431FEF707FCE5E7094B186851
:1096700021680431FEF70EFC074B1A689542DBD2D5
:109680001D60D9E7B0450220D840022020410220C9
:10969000E040022024410220BC400220F8B508B37B
:1096A0001E460F460446154600F084FB16B1D4F85A
:1096B000A030336094F8A4300222DBB284F8A420F6
:1096C000042D59D8DFE805F007191F050300022B08
:1096D0003FD0C4F8A070012B1BD0012400F090FBF8
:1096E0002046F8BD4FF0500372B683F31188BFF3E4
:1096F0006F8FBFF34F8F62B6FEE7D4F8A0203A43D6
:10970000C4F8A020E7E7D4F8A0200132C4F8A020D4
:10971000E1E7251D2846FEF7D5FB1F4BE06A1A68D6
:10972000904214D81D4B00EB8000294603EB8000CB
:10973000FEF7A2FBA36A73B14FF0500372B683F336
:109740001188BFF36F8FBFF34F8F62B6FEE71860CB
:10975000E8E70024C2E7124BE26A1B68DB6A9A4220
:10976000BBD94FF0E0234FF08052C3F8042DBFF374
:109770004F8FBFF36F8FB0E7D4F8A0200132AAD08B
:109780004FF0500372B683F31188BFF36F8FBFF3AE
:109790004F8F62B6FEE700BFD44002205041022046
:1097A000B045022078B32DE9F0410F4616461D461C
:1097B000044600F01FFCEFF311884FF0500372B61F
:1097C00083F31188BFF36F8FBFF34F8F62B615B16C
:1097D000D4F8A0302B6094F8A4300222DBB284F8D5
:1097E000A420042E5FD8DFE806F007191F05030048
:1097F000022B2CD0C4F8A070012B1BD0012088F3C1
:109800001188BDE8F0814FF0500372B683F31188E0
:10981000BFF36F8FBFF34F8F62B6FEE7D4F8A0207F
:109820003A43C4F8A020E7E7D4F8A0200132C4F8F6
:10983000A020E1E7A36A63B14FF0500372B683F34F
:109840001188BFF36F8FBFF34F8F62B6FEE7002022
:10985000D5E71C4B1B6803BB251D2846FEF732FBD2
:10986000194BE06A1A68904200D9186000EB80003A
:10987000164B294603EB8000FEF7FEFA144BE26A12
:109880001B68DB6A9A42B9D9069B13B11A460123B9
:109890001360104B01221A60B0E704F118010E4862
:1098A000FEF7EAFAEAE7D4F8A0200132A4D04FF09C
:1098B000500372B683F31188BFF36F8FBFF34F8FDE
:1098C00062B6FEE7B8400220D44002205041022098
:1098D000B0450220C84002200C4102202DE9F04191
:1098E000224E84B00DE0DB68DC681F68251D284629
:1098F000FEF7E8FA236A2046984794F828305B0779
:109900000AD433681A68002AEDD1194A1168136025
:10991000316004B0BDE8F081A3692946DFF85480C6
:109920003B449F4205D2306863602461FEF7B2FA7F
:10993000E7E7D8F8003000256BB10294CDE9005775
:10994000FFF7DEFD2B462A466946D8F80000FEF7F1
:10995000BFFB0028D5D14FF0500372B683F31188B6
:10996000BFF36F8FBFF34F8F62B6FEE7B44602209E
:10997000B0460220AC4602202DE9F04FA24E89B03D
:10998000A24D4FF0E029A24C33681F68002F00F071
:10999000B480DB681F68FFF76BFAFFF771FA2B687A
:1099A00082469842C0F0B1808742286000F2D2809F
:1099B000FFF7BAFB3368DB68D3F80CB00BF104088F
:1099C0004046FEF77FFA9BF82830580700F1D28016
:1099D00023F001038BF82830DBF8203058469847F5
:1099E000002269462068FEF769FD0028CCD0009B64
:1099F0000298002B79DB029F7B6913B1381DFEF7BB
:109A000061FAFFF73DFA2B6883469842C0F08480E4
:109A1000009BC5F800B0092BE2D8DFE803F005058C
:109A20000556405D0505564097F82820019B42F0F9
:109A300001023F6187F82820BA6999182CBF0120DC
:109A400000205945796000F28780ABEB03039A420E
:109A500000F2C2803B6A3846984797F82830590789
:109A6000BED52168019BBA6971B11344CDE90537B0
:109A700000270497FFF744FD3B463A4604A92068B7
:109A8000FEF726FB0028ABD14FF0500372B683F3EC
:109A90001188BFF36F8FBFF34F8F62B6FEE797F861
:109AA0002820019B42F00102BB6187F82820002B8F
:109AB00000F09E805B44391D3F615B457B6055D85B
:109AC000544B1868FEF7E6F98AE797F8283023F038
:109AD000010387F8283083E797F828309A0772D572
:109AE00023F0010387F828307AE7019B0399984710
:109AF000009B002BFFF674AF7DE7FFF7B9F9FFF786
:109B0000BFF92B688246984209D2FFF7E7FEC5F8F5
:109B100000A0FFF709FB63E7FFF7E0FE78E73D4BA6
:109B2000C5F800A01B681A68B2FA82F25209A7EBC6
:109B30000A012068FEF7DAFEFFF7F6FA00287FF444
:109B40004FAF4FF08053C9F8043DBFF34F8FBFF3C1
:109B50006F8F45E70022EAE75B4502D900283FF412
:109B600079AF391D3068FEF795F939E73068FEF7AF
:109B700091F935E7DBF81800CBF810B03B189A459F
:109B8000CBF8043023D3AAEB070A50452AD8236820
:109B900073B1CDE9057B00270497FFF7B1FC3B4685
:109BA0003A4604A92068FEF793FA00287FF414AF20
:109BB0004FF0500372B683F31188BFF36F8FBFF37A
:109BC0004F8F62B6FEE7384600F000FB08E74146DB
:109BD0003068FEF75FF9FFE60E4B391D1868FEF797
:109BE00059F9FDE60B4B41461868FEF753F9F3E6C9
:109BF0004FF0500372B683F31188BFF36F8FBFF33A
:109C00004F8F62B6FEE700BFB4460220A446022092
:109C1000AC460220B0460220F0B5244C89B000F0DA
:109C2000C9F8256845B300F0EBF82368CBB10024F0
:109C300007AA06A905A80225CDE90544FEF7FCF808
:109C40002346079A0095DDE90501CDE90110184981
:109C50001848FFF717F8184B186010B1012009B029
:109C6000F0BD4FF0500372B683F31188BFF36F8FCE
:109C7000BFF34F8F62B6FEE7104F114E3846FEF726
:109C8000EBF83046FEF7E8F80E4A00951021176011
:109C90000A200D4A0D4B16600D4AFEF75FF9206051
:109CA0000028C0D00B49FEF7F9FDBCE7AC46022006
:109CB00080AE000879990008A8460220CC46022010
:109CC000B8460220B4460220B0460220B445022025
:109CD0000446022078AE000808480068006880F357
:109CE00008884FF0000080F3148862B661B6BFF3B5
:109CF0004F8FBFF36F8F00DF00BF000008ED00E063
:109D0000DFF80C00016841F4700101607047000049
:109D100088ED00E0104B82B000221B6801920133F5
:109D20000AD04FF0500372B683F31188BFF36F8FE0
:109D3000BFF34F8F62B6FEE74FF0500372B683F366
:109D40001188BFF36F8FBFF34F8F62B6019B002B5B
:109D5000FCD002B0704700BF0C000220034621F087
:109D60000101094810B44FF0807443F80C0C43F81B
:109D7000202CA3F1440043E902146FF002015DF8C6
:109D8000044B43F8241C7047159D00080000000098
:109D9000074B19680868B0E8F04F80F30988BFF3F3
:109DA0006F8F4FF0000080F311887047AFF3008091
:109DB000B04502204FF0500372B683F31188BFF311
:109DC0006F8FBFF34F8F62B60C4A13680133012BBC
:109DD000136000D070474FF0E023D3F8043DDBB2AE
:109DE000002BF7D04FF0500372B683F31188BFF306
:109DF0006F8FBFF34F8F62B6FEE700BF0C000220EB
:109E0000094A136853B94FF0500372B683F31188AF
:109E1000BFF36F8FBFF34F8F62B6FEE7013B136056
:109E20000BB983F3118870470C000220000000007A
:109E3000EFF30980BFF36F8F154B1A681EF0100FF8
:109E400008BF20ED108A20E9F04F10602DE90900CD
:109E50004FF0500072B680F31188BFF34F8FBFF3FD
:109E60006F8F62B6FFF7CCF94FF0000080F31188D6
:109E700009BC19680868B0E8F04F1EF0100F08BF61
:109E8000B0EC108A80F30988BFF36F8F704700BF72
:109E9000B045022008B54FF0500372B683F3118825
:109EA000BFF36F8FBFF34F8F62B6FEF7F7FF28B196
:109EB0004FF0E0234FF08052C3F8042D002383F3CA
:109EC000118808BD4FF0E0220023064813610649BF
:109ED000936103680720A1FB03139B09013B5361B6
:109EE0001061704700000220D34D62103D4B4FF0CF
:109EF000FF0C3D483D4970B51A7884B0D2B2029249
:109F0000072283F800C01B780260DBB28DF80730AF
:109F10009DF807309DF8072003F0500312060B70E0
:109F20000FD506229DF807301146013A5B00DBB2DF
:109F30008DF807309DF807301B06F3D403290BD0AA
:109F400001604FF0500372B683F31188BFF36F8F37
:109F5000BFF34F8F62B6FEE7029B4FF0E0244FF451
:109F60004071204ADBB2224E016000251370D4F804
:109F7000203D43F47003C4F8203DD4F8203D43F065
:109F80007043C4F8203DFFF79DFF3560FFF7B8FE32
:109F9000D4F8343F43F04043C4F8343FFFF79CFE0D
:109FA000FFF72EF93368039501330AD04FF05003C1
:109FB00072B683F31188BFF36F8FBFF34F8F62B612
:109FC000FEE74FF0500372B683F31188BFF36F8F33
:109FD000BFF34F8F62B6039B002BFCD0002004B070
:109FE00070BD00BF00E400E0E0460220E44602202D
:109FF0000C000220EFF305830F2B10D91349144AEC
:10A000005B5C12789A420AD94FF0500372B683F320
:10A010001188BFF36F8FBFF34F8F62B6FEE74FF02B
:10A02000E0230C4AD3F80C3D126803F4E06393423A
:10A030000AD94FF0500372B683F31188BFF36F8FC4
:10A04000BFF34F8F62B6FEE7704700BFF0E300E05A
:10A05000E4460220E04602202DE9F8430446FEF7DC
:10A0600007FF534A1568002D37D0524B1E68344203
:10A070002DD164B304F10800640702D020F007007A
:10A08000083020B3DFF840E1DEF800C084451ED37D
:10A09000494C236803E01A6822B11C4613465968EC
:10A0A0008142F8D3AB4212D01A6822600A1A102AF1
:10A0B00049D91C1861072FD04FF0500372B683F3B3
:10A0C0001188BFF36F8FBFF34F8F62B6FEE7002496
:10A0D000FFF72AF82046BDE8F883384B4FF00040E0
:10A0E000354E5D07364D18BF073325F0070518BFFD
:10A0F00023F0070315600022336019467260EB1AE3
:10A100000646C5E900222F4A13602F4AC1E90053D1
:10A110001360284B1860AAE76260274A5860174608
:10A1200012689442FBD87968D4F8048007EB0109DF
:10A130004C4526D004EB08018A422CD0014622600F
:10A14000A74218BF3C601F48ACEB010231430468D2
:10A15000CEF80020A24203F1080438BF02600022BA
:10A16000C3E90021FEF7E0FF6307B3D04FF05003CF
:10A1700072B683F31188BFF36F8FBFF34F8F62B650
:10A18000FEE7884407EB0801C7F804808A4201D043
:10A190005968D8E73C46AA4206D051681268414443
:10A1A000226061605968CBE759682260C8E700BF48
:10A1B000F4460220E8460220F8460220004702202A
:10A1C000F8460320EC460220F0460220F0B12D4A6A
:10A1D00050F8043C126813420DD050F8081CB1B17D
:10A1E0004FF0500372B683F31188BFF36F8FBFF344
:10A1F0004F8F62B6FEE74FF0500372B683F31188BB
:10A20000BFF36F8FBFF34F8F62B6FEE7704723EA4D
:10A21000020330B583B040F8043CA0F1080401907B
:10A22000FEF726FE184A0198136850F8041C0B44E8
:10A230001360164B1A461B689C42FBD8556802EB0C
:10A24000050E74450DD004EB010C63450FD040F8AA
:10A25000083CA24218BF146003B0BDE83040FEF7CE
:10A2600063BF2944501851608342F5D11446084811
:10A270000068834203D0D3E900052944616020606F
:10A28000E7E700BFE8460220F0460220F846022039
:10A29000F44602200CB430B5174B0C1E1D689DB05F
:10A2A00008DA8B232B604FF0FF301DB0BDE8304043
:10A2B00002B070474FF40273ADF8143014BF04F1CC
:10A2C000FF332346049307934FF6FF7302900690E3
:10A2D000ADF81630209A21AB02A92846019300F070
:10A2E000F9F9431CBCBF8B232B60002CDDD0029BF3
:10A2F00000221A70D9E700BF100002200244034672
:10A30000934200D1704703F8011BF9E7294B1B6802
:10A31000834270B504464BD0C369ABB1DB686BB107
:10A320000025E369DB68595900293BD10435802DAC
:10A33000F7D1E3692046D96800F078F8E369196835
:10A3400011B1204600F072F8616911B1204600F0A9
:10A350006DF8E16911B1204600F068F8216B11B188
:10A36000204600F063F8616B11B1204600F05EF802
:10A37000A16B11B1204600F059F8A16C11B1204633
:10A3800000F054F8616C11B1204600F04FF8E16A1A
:10A3900011B1204600F04AF8236A4BB12046BDE8CF
:10A3A000704018470E68204600F040F83146BBE781
:10A3B00070BD00BF10000220014B1868704700BF3D
:10A3C0001000022070B50D4D0D4C641BA41000262A
:10A3D000A64209D10B4D0C4C00F066FC641BA41086
:10A3E0000026A64205D170BD55F8043B98470136BA
:10A3F000EEE755F8043B98470136F2E7C4AE000893
:10A40000C4AE0008C4AE0008C8AE0008704770476C
:10A410000A44914200F1FF3300D1704710B511F8A2
:10A42000014B03F8014F9142F9D110BD38B50546F3
:10A43000002941D051F8043C0C1F002BB8BFE41890
:10A4400000F0E0F81D4A136833B9636014602846D1
:10A45000BDE8384000F0DCB8A34208D920682118D4
:10A460008B4201BF19685B6809182160EDE71A4645
:10A470005B680BB1A342FAD911685018A0420BD106
:10A4800020680144501883421160E0D118685B686D
:10A49000536008441060DAE702D90C232B60D6E73A
:10A4A000206821188B4204BF19685B68636004BF91
:10A4B000091821605460CAE738BD00BF4448032032
:10A4C00070B50F4E0C463168054611B900F0A6FB79
:10A4D00030602146284600F0A1FB431C03D14FF019
:10A4E000FF34204670BDC41C24F00304A042F8D001
:10A4F000211A284600F092FB0130F2D1EFE700BFAD
:10A50000404803202DE9F843CD1C25F0030508350C
:10A510000C2D38BF0C25002D064601DBA94204D9BD
:10A520000C2333600020BDE8F883DFF8D48000F00E
:10A5300069F8D8F800301C4644BB29463046FFF77E
:10A54000BFFF431C044658D1D8F800402746002FCF
:10A5500043D1002C4BD023683946304604EB030925
:10A5600000F05CFB814542D121686D1A29463046D6
:10A57000FFF7A6FF01303AD023682B442360D8F8B8
:10A5800000305A6862BBC8F800700FE02268521BA6
:10A5900020D40B2A17D96119A342256018BF59602E
:10A5A000636808BFC8F8001062514B60304600F085
:10A5B0002FF804F10B00231D20F00700C21A1CBF66
:10A5C0001B1AA350AFE76268A3420CBFC8F8002073
:10A5D0005A60EBE723466468AEE73C467F68B6E71F
:10A5E0001A465B68A342FBD100235360DEE70C23CD
:10A5F0003360304600F00CF894E70560D6E700BF02
:10A60000444803200148FFF701BF00BF3C48032036
:10A610000148FFF7FCBE00BF3C4803202DE9F0478E
:10A620008E681F46BE420B6882460C4690462DD867
:10A63000B1F90C2012F4906F26D06569096905EB19
:10A640004505A3EB010905EBD5757B1C4B446D104B
:10A650009D4238BF1D46530527D52946FFF752FFB7
:10A66000064660B321694A46FFF7D2FEA38923F468
:10A67000906343F08003A381266165614E44A5EB9E
:10A6800009052660A5603E46BE4200D93E462068C8
:10A690003246414600F0A8FAA3689B1BA3602368DA
:10A6A000334423600020BDE8F0872A4600F0C6FA54
:10A6B00006460028E0D121695046FFF7B7FE0C237B
:10A6C000CAF80030A38943F04003A3814FF0FF3064
:10A6D000E9E700002DE9F04F98468B891B069DB0F5
:10A6E00007460D46144610D50B6973B94021FFF794
:10A6F00009FF2860286130B90C233B604FF0FF3020
:10A700001DB0BDE8F08F40236B6100230993202327
:10A710008DF82930CDF80C803023DFF89C818DF83E
:10A720002A304FF0010923469A4613F8012B0AB14B
:10A73000252AF9D1BAEB040B0BD05B4622462946F9
:10A740003846FFF76BFF013000F0A780099A5A44A2
:10A7500009929AF80030002B00F09F8000234FF000
:10A76000FF32CDE905230AF1010A049307938DF81E
:10A7700053301A935446052214F8011B4E48F5F73E
:10A780005FFD049AD8B9D00644BF20238DF853301A
:10A79000110744BF2B238DF853309AF800302A2B31
:10A7A00015D0079A544600204FF00A0C214611F8A4
:10A7B000013B303B092B4BD9B0B1079214E0A0EB21
:10A7C000080309FA03F313430493A246D2E7039B59
:10A7D000191D1B680391002BBBBF5B4242F00202B4
:10A7E00007930793B8BF049223782E2B0AD163787E
:10A7F0002A2B32D1039B1A1D1B68039243EAE37391
:10A8000002340593DFF8C0A0217803225046F5F703
:10A8100017FD38B1049BA0EB0A004022824013438D
:10A820000134049314F8011B24488DF828100622E3
:10A83000F5F706FD002836D0214B1BBB039B0733E1
:10A8400023F0070308330393099B334409936AE712
:10A850000CFB02320C460120A8E7002301340593CB
:10A8600019464FF00A0C204610F8012B303A092AFD
:10A8700003D9002BC6D00591C4E70CFB0121044687
:10A880000123F0E703AB00932A460E4B04A9384698
:10A89000AFF30080421C0646D6D1AB895B063FF57C
:10A8A0002DAF09982CE703AB00932A46054B04A96A
:10A8B000384600F079F8EDE788AE000892AE00085F
:10A8C000000000001DA600088EAE00082DE9F0472C
:10A8D000164698468A680B69DDF820909342B8BF07
:10A8E0001346336091F8432007460C460AB1013302
:10A8F00033602368990642BF3368023333602568AA
:10A9000015F0060506D104F1190AE36832689B1AAE
:10A91000AB4226DC94F843302268003B18BF012389
:10A9200092062BD404F1430241463846C847013011
:10A930001ED02368226903F00603042B02BFE568DA
:10A940003368ED1AA3680CBF25EAE575002593422C
:10A95000C4BF9B1AED1800261A34B5421AD1002044
:10A9600008E00123524641463846C847013003D12A
:10A970004FF0FF30BDE8F0870135C6E7E1185A1CFB
:10A98000302081F84300224494F8451082F84310A7
:10A990000233C7E70123224641463846C847013003
:10A9A000E6D00136D9E700002DE9FF470F7E0C9E67
:10A9B000782F914680460C469A4601F1430207D80B
:10A9C000622F0AD8002F00F0D280582F00F0B980F3
:10A9D00004F1420684F842703AE0A7F16303152BB4
:10A9E000F6D801A151F823F041AA000855AA0008A1
:10A9F000D1A90008D1A90008D1A90008D1A900084F
:10AA000055AA0008D1A90008D1A90008D1A90008B9
:10AA1000D1A9000855AB00087FAA00080FAB0008B9
:10AA2000D1A90008D1A9000877AB0008D1A9000876
:10AA30007FAA0008D1A90008D1A9000817AB000817
:10AA400033681A1D1B68326004F1420684F84230F4
:10AA500001239DE033682068191D3160060601D589
:10AA60001D6803E04506FBD5B3F90050002D03DA5D
:10AA70002D236D4284F8433059480A2311E02168A0
:10AA80003368080653F8045B02D4490648BFADB2E8
:10AA90006F2F5348336014BF0A230823002184F822
:10AAA00043106668A660002EA2BF216821F0040151
:10AAB00021600DB9002E4BD01646B5FBF3F103FB18
:10AAC0001157C75D06F8017D2F46BB420D46F4D9EC
:10AAD000082B0BD12368DF0708D5236961689942E9
:10AAE000DEBF302306F8013C06F1FF36921B2261DF
:10AAF000CDF800A04B4603AA21464046FFF7E6FEEC
:10AB000001304AD14FF0FF3004B0BDE8F087236830
:10AB100043F0200323603348782784F84570236886
:10AB200031681F0651F8045B02D45F0648BFADB21E
:10AB30003160D90744BF43F0200323601DB11023C7
:10AB4000ACE72748E9E7236823F020032360F6E712
:10AB50001646BDE7336825686169181D30602E060A
:10AB60001B6801D5196002E06806FBD51980002337
:10AB700023611646BCE733681A1D32601E6862689E
:10AB800000213046F5F75CFB08B1801B606063680C
:10AB90002361002384F84330AAE7236932464946FB
:10ABA0004046D0470130ADD023689B0713D4E068FE
:10ABB000039B9842B8BF1846A6E701233246494690
:10ABC0004046D04701309DD00135E36803995B1AB8
:10ABD000AB42F2DCEBE7002504F11906F5E700BF14
:10ABE00099AE0008AAAE0008884210B501EB020435
:10ABF00002D98442234607D8431EA14208D011F847
:10AC0000012B03F8012FF8E7024401468A4200D1E4
:10AC100010BD13F8014D02F8014DF7E738B5064DA8
:10AC20000023044608462B60F8F766FF431C02D158
:10AC30002B6803B1236038BD384803202DE9F0416B
:10AC4000804615460C4621B9BDE8F0411146FFF794
:10AC500059BC2AB9FFF7EAFB00242046BDE8F08181
:10AC600000F01AF88542064602D8B5EB500FF4D82A
:10AC700029464046FFF746FC07460028ECD0B5427F
:10AC80002A46214628BF3246FFF7C2FB21464046EE
:10AC9000FFF7CCFB3C46E0E751F8043C181F002BC3
:10ACA000BCBF0B58C0187047F8B500BFF8BC08BC53
:10ACB0009E467047F8B500BFF8BC08BC9E4670477A
:10ACC00028030220780202204001022028020220EC
:10ACD00000000000001002400002000000040240DA
:10ACE0000100000000040240800000000004024057
:10ACF0000040000000100240000800000010024068
:10AD0000002000000014024000400000010100008B
:10AD100040420F0000010010080091D30100000024
:10AD20000A0000000000000064656661756C7454E0
:10AD300061736B0028AD00080000000000000000F7
:10AD400000000000000000000002000008000000F9
:10AD500000000000000000006964656E7469747989
:10AD60000000000058AD000802000000A10D00081E
:10AD7000ED0D0008A90D0008E90D000855415254D9
:10AD80005F52583D256C752054585F4652414D45E1
:10AD9000533D256C752052585F4F4B3D256C7520F7
:10ADA0004352433D256C752053594E435F4C4F53DE
:10ADB000533D256C7520444D415F4F56523D256CE7
:10ADC0007520515F4F56523D256C752055415254A8
:10ADD0005F4F56523D256C75205345515F4741509A
:10ADE0003D256C7520524553594E433D256C7520C9
:10ADF0004C494E453D256C752050484153453D25F5
:10AE00006C752044524F503D256C750D0A000000B2
:10AE10004D616E636865737465725278000000005E
:10AE20004D616E636865737465725478000000004C
:10AE300055617274000000004170706C6963617448
:10AE4000696F6E00446961676E6F73746963730044
:10AE500000000000010203040000000000000000E8
:10AE60000102030406070809000610160006101662
:10AE700049444C4500000000546D72510000000030
:10AE8000546D722053766300232D302B2000686CA4
:10AE90004C006566674546470030313233343536FD
:10AEA0003738394142434445460030313233343536
:0CAEB00036373839616263646566000063
:08AEBC008453FF7F0100000038
:04AEC400250200085B
:04AEC800010200087B
:10AECC000024F4000100000010000000AAAAAAAAA5
:10AEDC0014000220000000000047032068470320F4
:10AEEC00D04703200000000000000000000000001C
:10AEFC000000000000000000000000000000000046
:10AF0C000000000000000000000000000000000035
:10AF1C000000000000000000000000000000000025
:0400000508003B555F
:00000001FF
